"0","Too design","7930.75","true"
"1","Although skill me movement","6494.03","true"
"2","Modern determine","3196.49","false"
"3","Author vote Republican","2856.91","true"
"4","Pass federal church strong","5020.38","false"
"5","Draw ten reflect including","2741.51","false"
"6","Collection among professor","1069.37","true"
"7","Career wall relationship no","3924.47","false"
"8","Direction campaign Congress push","9094.78","true"
"9","Out I","1516.25","false"
"10","Local sing money","2533.33","false"
"11","Still fire","1389.62","true"
"12","World visit which","7976.41","true"
"13","Culture protect","515.10","false"
"14","Debate front free","8333.71","false"
"15","Court hot audience machine admit","3730.00","true"
"16","Final might before","6939.50","true"
"17","Two back","2118.63","true"
"18","Day fly","1404.96","false"
"19","Name sound still for best","6080.98","false"
"20","Establish process","1051.51","false"
"21","Line go","3544.31","true"
"22","Standard past stage reach story","2752.27","false"
"23","Record produce cause","4916.57","false"
"24","Practice century go east","804.32","true"
"25","Already employee grow ok physical","6654.34","false"
"26","Game good fish money","5480.84","false"
"27","Another everything those","3062.79","false"
"28","Treatment early wait","900.19","false"
"29","Trouble image wind","4823.02","false"
"30","Nor range","8998.90","false"
"31","Development section medical effect mention","5659.90","true"
"32","Enough each technology hot tax","6705.41","false"
"33","Identify stand positive record","5066.10","false"
"34","Treatment challenge vote maintain","1864.32","true"
"35","Brother foot administration","8818.00","true"
"36","Loss our hold discuss","1334.00","false"
"37","Note quite term try wait","529.73","false"
"38","Leave provide story","5282.16","false"
"39","Design institution","1556.11","false"
"40","Front relate","7533.14","true"
"41","Bill situation war","9270.47","true"
"42","Economic voice trial push simply","3703.64","true"
"43","Somebody bad top","8357.30","true"
"44","Generation set onto figure common","3951.02","false"
"45","Plan your participant sit I","2783.76","false"
"46","Meet many decade gun see","7335.32","true"
"47","Value team","8516.33","true"
"48","Over road","6143.71","false"
"49","Statement number PM main","2523.25","true"
"50","Home employee month fund","2798.42","true"
"51","Rock before training","7042.13","false"
"52","Center hope executive weight group","3158.72","true"
"53","Create behavior","4127.32","false"
"54","Into data miss","7950.23","false"
"55","List newspaper up","8730.97","true"
"56","Clearly relate fire","8654.50","false"
"57","Opportunity fish","3117.33","true"
"58","Collection sure simple between say","4171.68","false"
"59","Carry minute parent money","7018.48","false"
"60","Kind probably sound policy","6825.58","true"
"61","Marriage kid several","3330.90","true"
"62","Strategy physical campaign store middle","9624.56","true"
"63","News like today","1232.79","false"
"64","Matter some man","7490.05","false"
"65","Amount national war sense","9998.67","false"
"66","Institution name perform themselves","1678.11","true"
"67","Democratic political population","9302.22","false"
"68","During because share","715.23","false"
"69","Listen certain thus hair","2520.39","true"
"70","Worker receive production maintain","5804.92","true"
"71","Thought time peace","3314.73","false"
"72","Four force seat spring","2842.56","true"
"73","Himself agent reason","7695.28","false"
"74","Produce across","5290.78","true"
"75","Would wind","8934.42","false"
"76","Skill middle theory ok","5091.02","true"
"77","Someone west","9525.42","true"
"78","Run what general personal town","4530.76","true"
"79","Nation into however his","2413.67","true"
"80","Employee box available voice","9145.50","false"
"81","Move a","7232.82","false"
"82","Well arm participant government","7991.37","false"
"83","Since present guy community","1100.89","false"
"84","Environmental create health particular","9163.14","true"
"85","Summer color information south","6607.78","false"
"86","Often image crime","9686.84","false"
"87","Point fine over red","7367.92","true"
"88","Very along son make","6026.64","true"
"89","Security window send the live","4589.97","true"
"90","Change even site","2609.99","true"
"91","Raise report heart heart that","1160.32","false"
"92","Picture surface TV it","1558.53","false"
"93","Eat indicate part","7833.73","false"
"94","Reach risk painting camera","5544.73","false"
"95","Military daughter be","2792.32","true"
"96","Growth mention local","9980.05","true"
"97","Plant environmental time option","516.84","false"
"98","Better court name among","6849.91","false"
"99","Call newspaper get","9639.26","true"
"100","Include positive join plant ever","1896.00","false"
"101","Everybody think American","1033.79","true"
"102","Parent certain cut","8874.82","false"
"103","Recent blue politics firm","3439.22","true"
"104","Modern owner it message","8840.91","false"
"105","Method know not","7198.10","false"
"106","Nation arm their","6589.23","true"
"107","Grow story alone","5934.70","true"
"108","Difference become push ball better","5763.63","false"
"109","Ready marriage grow another car","2025.69","false"
"110","Including all TV","7171.78","true"
"111","Level let great performance","712.86","true"
"112","Away thing bed concern worker","4438.99","false"
"113","Provide blue manage player administration","3051.88","true"
"114","Care its someone point","3851.21","true"
"115","Wish where Mrs","575.25","false"
"116","Southern size run reason act","8067.66","false"
"117","Site should keep","3361.62","true"
"118","Create air","6831.15","false"
"119","His participant nation","7430.39","true"
"120","Necessary treat model build","7311.94","true"
"121","Until across must father","6891.72","false"
"122","Green understand media each","6441.29","true"
"123","When effect join","5117.16","true"
"124","Career marriage no","9558.84","false"
"125","Area probably line and","2148.87","true"
"126","Baby drop interest process right","5484.18","true"
"127","Window training someone","9860.58","false"
"128","Challenge effort natural","7329.26","true"
"129","Meet career","5005.75","false"
"130","Enough walk despite","798.67","true"
"131","Especially writer air her","7713.71","false"
"132","Remember similar rise employee","9348.37","false"
"133","Fact safe about response heart","6302.76","false"
"134","Reflect new choose adult","4514.13","true"
"135","Few let reveal","4207.38","true"
"136","Certain director good toward street","9822.25","false"
"137","Plan education","6960.52","true"
"138","Article audience story debate","5858.02","true"
"139","Mean thing least inside","8795.04","true"
"140","Song make available","1249.08","true"
"141","Throughout would","1572.46","true"
"142","Like audience customer","5565.39","true"
"143","When value point","4392.44","true"
"144","Subject possible","5691.68","false"
"145","Amount middle","3530.70","true"
"146","Major six your","8708.30","true"
"147","Kind by us","1216.21","false"
"148","Throughout believe project","5737.86","false"
"149","Kitchen now easy environment heart","6923.84","true"
"150","Wear fall view","4790.00","true"
"151","Discuss according structure","5781.08","false"
"152","Research late","8614.06","false"
"153","Quality dark tough subject effect","8903.11","true"
"154","Whole more understand as","6199.82","false"
"155","Involve large important","7346.32","true"
"156","Trip then music","9604.78","false"
"157","Fish hundred","9116.91","false"
"158","Recently similar","704.03","true"
"159","Hand avoid suffer","4039.82","true"
"160","Nearly evidence something really","8582.88","true"
"161","Own grow computer long","625.00","false"
"162","Moment natural computer","6933.77","false"
"163","Support data happen try gun","9450.55","false"
"164","Water exist page school","1269.00","false"
"165","Model politics yet yes","1441.48","true"
"166","Market east movie present","1512.90","true"
"167","Kid important risk","5129.76","true"
"168","Ten bed","2231.30","false"
"169","Clearly society should","6290.06","true"
"170","The buy speak","6784.62","false"
"171","Floor very mother","3663.39","false"
"172","Staff why college me fast","2205.49","false"
"173","Result to","6628.26","false"
"174","Begin phone long scientist","919.31","true"
"175","Yes both edge","1360.32","true"
"176","Heavy movement hear decide support","1640.69","false"
"177","Mean million both","3942.22","false"
"178","Out recent federal","7309.05","true"
"179","Available song television conference staff","4267.58","false"
"180","Hotel thank","4017.74","false"
"181","Truth become build","7117.95","true"
"182","Address guy month","9779.03","false"
"183","Case case","1740.57","false"
"184","Whose worry close","4886.10","false"
"185","Response prepare finish nothing","2381.87","true"
"186","Truth important center","1761.95","true"
"187","Fall represent itself","7215.06","true"
"188","Hot work southern sometimes","2170.00","true"
"189","After analysis while want whatever","9710.97","true"
"190","Behind successful of why","3860.31","true"
"191","Authority probably","4069.99","true"
"192","Task much region give","671.55","false"
"193","Order indicate force charge","4062.26","false"
"194","Within candidate support majority","4877.84","true"
"195","Speech country admit follow","2402.83","true"
"196","Treat push first crime","4570.48","true"
"197","Show take no pick","4558.95","false"
"198","Song onto","6431.41","false"
"199","Important school kind consumer beat","6486.86","false"
"200","Some although middle","2043.47","false"
"201","Picture agency wrong every key","5021.37","true"
"202","Baby cause onto worker mother","1416.16","false"
"203","Away cell","9948.22","false"
"204","Employee listen require","4504.89","true"
"205","Degree crime management","4684.01","true"
"206","Discover through feel","4554.41","true"
"207","Beat trouble matter spend beat","4321.85","false"
"208","Always address successful","5534.33","false"
"209","Thousand career professor ready","2357.76","false"
"210","Group now bill know","7484.14","false"
"211","Figure enter","6900.77","true"
"212","Impact case military turn discover","3696.46","false"
"213","Some man maybe","1178.43","false"
"214","Involve never only","5121.54","true"
"215","Reveal bad experience","8812.83","true"
"216","Wonder until","9198.28","true"
"217","Professor oil professor","6677.15","false"
"218","Address social","3170.45","false"
"219","Deep goal sing","2927.83","false"
"220","Management continue force","755.19","false"
"221","Baby just movement interesting seat","7831.82","true"
"222","Black everyone official up","8670.44","true"
"223","Continue all","2526.43","false"
"224","Range tonight","5420.67","true"
"225","Career including control reason amount","5505.98","true"
"226","Top just mind","9218.99","true"
"227","Walk actually continue number imagine","2642.57","false"
"228","Meet small road wind","7683.61","true"
"229","Assume police sister","1801.10","false"
"230","His hotel","7324.24","false"
"231","Amount maybe figure off","655.16","true"
"232","Necessary food owner","7122.91","true"
"233","Forward sound task","3406.03","false"
"234","Series development sit","8908.99","false"
"235","Information least imagine","7282.11","true"
"236","Final discover success","2663.23","false"
"237","Cut threat rise","9174.05","true"
"238","Time page","2681.35","false"
"239","Shoulder will cup","1867.02","false"
"240","Mrs protect property","9155.08","false"
"241","Particular author machine","9570.73","false"
"242","Officer down single southern name","9478.06","true"
"243","International trouble","8364.26","true"
"244","Above radio debate situation","1983.73","true"
"245","Them imagine religious","3623.88","true"
"246","Yourself near receive","6638.86","true"
"247","Huge wall house","6784.38","true"
"248","Director herself true","3328.41","true"
"249","Article husband including down head","3157.62","true"
"250","Simply to miss light after","9115.22","false"
"251","Record car fear","8770.07","false"
"252","Yet would magazine","1675.16","false"
"253","Toward board the shake federal","5453.67","true"
"254","Result interesting","6722.24","true"
"255","Writer avoid affect read","4220.40","true"
"256","Usually detail image","5122.00","true"
"257","International order herself new and","1598.97","true"
"258","Ask increase particular","9965.97","true"
"259","Fish reflect price make","5458.47","false"
"260","We that","559.37","false"
"261","Computer fear we","9659.12","true"
"262","Language indeed bring","624.65","true"
"263","Best small hold","9490.84","true"
"264","Which week local do","5467.17","true"
"265","Every factor night establish","8224.50","false"
"266","From program rich away option","2086.60","true"
"267","From attention including","5037.92","false"
"268","Final mention one","1438.66","false"
"269","Character court its property trade","3922.37","false"
"270","Tv police","9949.57","true"
"271","Every focus close into upon","671.09","true"
"272","Resource good interview guy","1531.73","false"
"273","Garden leave world science reflect","9573.57","true"
"274","Her newspaper teacher section","8460.27","false"
"275","Agency which impact parent","5647.27","true"
"276","Camera open always","8558.86","false"
"277","Former picture western","532.98","true"
"278","Position inside official hold","9968.89","true"
"279","Better even onto story stage","6639.51","true"
"280","Heavy upon require speak","9683.97","false"
"281","Else wish peace know","4408.24","true"
"282","Red about perhaps green","1401.94","false"
"283","Claim Mr force","1835.73","false"
"284","Always follow","2374.13","false"
"285","Tree visit here give","9905.72","true"
"286","Play crime produce","9482.00","false"
"287","Shake agree","564.09","true"
"288","Leave speak behind student","3118.70","false"
"289","Yes hard clear","8067.03","false"
"290","Stuff back anything leg","1852.14","true"
"291","Church nothing by it","6115.15","false"
"292","Market voice art by","3402.58","true"
"293","Individual carry pick room","2793.89","false"
"294","Buy movement","4562.76","true"
"295","Professor show","1141.98","false"
"296","Half firm fish","1314.87","false"
"297","Often usually","5872.61","true"
"298","Condition maintain strategy career","1224.88","true"
"299","Girl sure fund","4870.74","false"
"300","Position fish admit","8307.37","true"
"301","Crime administration majority","5545.92","false"
"302","Beyond road","4545.77","true"
"303","Cover since various computer","4680.12","false"
"304","Nice care scene","7959.52","false"
"305","Use still successful south","2026.54","false"
"306","Try indeed send","6192.51","false"
"307","Eat bring fly approach","5622.38","false"
"308","Back offer subject particular","2212.50","true"
"309","Fast fine","6831.53","false"
"310","Single address","5220.71","true"
"311","Star member","4858.19","true"
"312","Down sit base","4136.59","true"
"313","Man candidate","6302.54","false"
"314","Theory let pattern part","3715.55","true"
"315","Yard mission","2402.77","false"
"316","Question religious herself bill","7185.06","true"
"317","From race street perform","4461.80","true"
"318","Tv direction job","9902.53","false"
"319","List TV subject","6691.82","false"
"320","Any turn blue college receive","4795.27","false"
"321","Color between skill","785.37","true"
"322","Hit doctor both","2963.24","true"
"323","Health notice bit set","6818.03","false"
"324","Effect force research","9425.71","true"
"325","Government society at","6184.04","true"
"326","Position story sense painting","1581.65","true"
"327","Figure home officer son walk","6965.52","true"
"328","Street six price sort","8603.99","true"
"329","Attention natural","9647.34","false"
"330","Control local even","4892.95","false"
"331","Pick very","8854.48","false"
"332","Behind certainly policy smile kid","3653.26","false"
"333","Person cultural item","9458.69","true"
"334","Of perform something","8472.31","true"
"335","Away war word if","8178.04","true"
"336","Represent development perhaps successful","4324.89","false"
"337","Suddenly drop","4042.65","false"
"338","Moment thus bar smile","4538.15","true"
"339","Life fear boy role worry","9400.71","true"
"340","American case power teacher","8863.40","false"
"341","Let party explain big list","3995.96","true"
"342","Stuff her","3612.73","false"
"343","Such true entire season","1798.55","false"
"344","Course campaign power","8468.87","false"
"345","Trade federal answer kitchen","6260.76","true"
"346","Admit card author interview","3651.10","false"
"347","Foot offer suddenly consumer history","530.72","true"
"348","And again","4218.64","true"
"349","They garden through sport","7620.70","false"
"350","Social similar attack finally","2663.00","true"
"351","Win purpose case well","2516.95","true"
"352","History hotel leader","5403.48","true"
"353","Data newspaper I","2597.91","false"
"354","Throw step information set","7514.33","false"
"355","Admit alone option ready trouble","4345.16","true"
"356","Seek huge today","9762.67","false"
"357","Environment decade difficult","6431.83","true"
"358","Safe feeling","8556.68","false"
"359","However industry buy score general","2046.85","true"
"360","Environmental item majority","7210.01","false"
"361","Learn expect","5943.59","false"
"362","Add half up trip","5821.77","false"
"363","Team number wife as from","629.28","false"
"364","Tax from run manager","2803.09","false"
"365","Same food base","9263.11","false"
"366","Education career control","4308.36","false"
"367","Night skill","5145.78","false"
"368","At right","9271.21","true"
"369","Past contain investment expert","6873.55","false"
"370","Case attack","2396.57","false"
"371","Least watch whether","5822.70","true"
"372","Color step account","7655.13","true"
"373","Rather many Mr","6570.44","false"
"374","Population develop amount mouth","5931.11","true"
"375","Fire perhaps join result","1821.83","true"
"376","Chair unit investment letter","9416.42","false"
"377","Within example","9833.84","false"
"378","Rest raise nor your education","2849.93","false"
"379","Key many actually business","3338.14","true"
"380","Improve culture represent","1762.64","true"
"381","Within middle name","3902.78","false"
"382","Town town present","2452.78","false"
"383","Draw find action with try","9974.63","false"
"384","Improve analysis medical mouth station","6403.43","true"
"385","With teacher","4936.18","true"
"386","Great too song","679.82","true"
"387","Say event number","8327.40","true"
"388","Billion past deep network","3545.16","false"
"389","Challenge whether past","3619.27","true"
"390","Recognize she father despite","3023.17","true"
"391","Ago such begin body","9658.81","true"
"392","Indeed drop believe let","2949.70","false"
"393","Run nice stock success","5925.51","false"
"394","Green name list","7974.83","false"
"395","Hundred country how down final","726.07","false"
"396","Level rule stuff police people","3591.28","true"
"397","Wait movie adult","1766.07","true"
"398","Huge research item","8176.05","true"
"399","Physical she peace should cost","4344.03","false"
"400","Worry box onto would","2052.64","false"
"401","Hospital effort store current","9744.01","false"
"402","Product yet television","5407.67","false"
"403","Care method wide scene upon","1479.86","false"
"404","Fall bit nation reach","9206.18","true"
"405","Role agency lose sing","3421.74","true"
"406","Possible chance manage position","3169.27","true"
"407","Around oil college low","5270.70","false"
"408","Physical administration culture","6164.07","true"
"409","Social protect style others response","5751.40","false"
"410","Spend even happy whose","3844.86","false"
"411","Free product","2049.83","true"
"412","Political natural road","7872.38","false"
"413","Company already discussion service technology","6015.10","false"
"414","White sign bed","3655.08","true"
"415","Environmental shoulder","3917.64","true"
"416","So provide old clearly","755.16","true"
"417","Factor describe theory","1166.76","true"
"418","Travel include that real","8968.22","false"
"419","Street today hospital lead will","3397.33","true"
"420","Us fill analysis hope","643.39","true"
"421","Positive organization each do","3487.33","true"
"422","Color station old turn","1862.12","true"
"423","Attorney off human eat guess","2231.10","false"
"424","Foreign interesting hold level audience","1769.03","false"
"425","Process radio something project boy","1734.18","true"
"426","Mother positive major","2424.25","true"
"427","Each certainly season region","3694.86","true"
"428","Bad citizen break","9270.39","false"
"429","Tend society cold economy","5354.69","false"
"430","War conference around","3302.63","true"
"431","Former join base","3646.20","false"
"432","Let of","5349.04","false"
"433","Agree until cut put","4391.19","false"
"434","Business our view herself","9514.33","false"
"435","Room safe sell present","3341.90","true"
"436","Today best skin first","3252.15","false"
"437","Story choice","7010.22","true"
"438","Do may bad important second","3402.21","false"
"439","Great doctor common","9177.72","false"
"440","Recently computer","9124.40","false"
"441","Public in","3915.36","false"
"442","Light cost eat after piece","9626.78","false"
"443","Event result","1086.02","false"
"444","Whose result determine Republican","6579.18","false"
"445","Happen author civil","1709.82","false"
"446","Mission way here year toward","4072.18","false"
"447","Degree wonder make","4409.24","false"
"448","Account mean part","911.12","false"
"449","North speech reason","8111.02","true"
"450","These short environmental","3960.45","false"
"451","Small become not bar policy","9035.66","true"
"452","At hold","8199.65","false"
"453","Fear computer camera rise seat","3117.37","true"
"454","Nothing site class class","1593.79","false"
"455","Wrong nor political whose future","3149.18","true"
"456","Congress soldier reason first","8661.69","false"
"457","Cover debate decade table visit","536.33","true"
"458","It only method rate","847.64","false"
"459","Blue remember account","6902.10","true"
"460","Discover first high","7097.99","false"
"461","Goal pretty fall clear","1552.50","false"
"462","Doctor nothing chance","3348.46","true"
"463","Professor drive team into","1441.43","true"
"464","Put entire PM able","639.37","false"
"465","Decade hear wide their","6754.12","true"
"466","Sort behavior director no","6760.81","true"
"467","Right person","1735.72","true"
"468","Especially class already","6732.31","true"
"469","Himself sign again","6736.33","true"
"470","Occur occur","4691.12","false"
"471","For Mr forget involve","585.54","true"
"472","Across expert","3987.02","false"
"473","Walk range","7472.79","true"
"474","None many house","9996.85","false"
"475","Season audience","4898.74","false"
"476","Successful pretty knowledge human","5424.79","false"
"477","Enough responsibility","3460.42","false"
"478","Green near item serve","8515.99","false"
"479","Control offer lot","7352.02","true"
"480","City mother last score","7004.16","false"
"481","Miss Mr","4665.66","false"
"482","Interesting eat be","995.82","true"
"483","Hard stock fish road young","3251.81","true"
"484","Nearly born herself how","7445.41","false"
"485","First himself idea","2036.24","false"
"486","Majority help","6913.65","false"
"487","Camera two enter will","9880.70","true"
"488","Avoid Congress list","3347.26","false"
"489","Station team clearly so","3171.25","true"
"490","Trial generation","3336.65","true"
"491","Of instead tonight yet","8970.78","false"
"492","Control major","6878.03","false"
"493","Important much loss","3396.14","false"
"494","Might people recent family","7088.49","true"
"495","Seven might opportunity","8874.32","true"
"496","Responsibility life","9455.11","false"
"497","Whose model","9917.20","true"
"498","Quickly involve year","1096.31","false"
"499","Wear each","5725.23","false"
"500","Authority position recently site","1968.68","false"
"501","Opportunity mouth","8158.59","true"
"502","Since any cause computer","2354.00","true"
"503","Sell include personal scene","619.44","false"
"504","Tend art people","6722.74","false"
"505","Would reveal all","8086.63","true"
"506","Agent ok see civil forward","8102.47","true"
"507","Increase challenge since within","5728.07","false"
"508","Later stop bill southern will","6254.75","true"
"509","Health billion","9210.46","false"
"510","Tonight my","7433.34","false"
"511","Very table through item better","2041.20","false"
"512","Get boy break present authority","5444.87","true"
"513","Strong charge director compare might","5474.77","true"
"514","Today book support size","3110.44","true"
"515","Dog management free","9623.56","false"
"516","Eye after beat entire","9846.36","false"
"517","Begin hair drive difference experience","6177.76","false"
"518","Land population","5761.31","false"
"519","Quickly piece value education","4791.60","false"
"520","Ready TV information black rule","767.02","false"
"521","Design no such","2063.62","false"
"522","Parent green listen field","6538.04","false"
"523","Always for","9468.84","true"
"524","Hotel check push fight","2751.24","true"
"525","Style human western role modern","2254.35","false"
"526","Poor draw century process","1198.47","false"
"527","Scene study window","699.40","true"
"528","Rate decision","2582.28","false"
"529","Write up","9665.18","false"
"530","So defense","8312.00","true"
"531","Friend job rather politics","7968.94","false"
"532","Ready meeting actually top","9048.24","true"
"533","Commercial how another not","4637.59","true"
"534","Improve kitchen","6842.27","false"
"535","Reveal after determine population","1794.99","true"
"536","Green role","1194.10","true"
"537","Certain drive public","5810.77","false"
"538","Value effect","9827.64","false"
"539","Building hot","5576.66","true"
"540","List decision many","7702.48","true"
"541","Half watch exactly","2156.28","true"
"542","Consider occur common","6363.36","true"
"543","Study role","7956.64","true"
"544","Beat must","4113.16","true"
"545","Probably commercial brother head","9543.16","false"
"546","Those similar training","977.38","false"
"547","Arm always interesting name","7210.97","true"
"548","Dark design","3361.69","true"
"549","They join","2850.02","true"
"550","Tax relationship determine","5789.36","true"
"551","Hope action","8542.29","true"
"552","Price behavior","8588.64","false"
"553","Whom health deal among place","3936.42","false"
"554","Two letter form","2967.96","true"
"555","Friend throughout since go into","6499.81","false"
"556","Ability always help watch","8882.49","true"
"557","Dog fast remain","684.60","false"
"558","White enjoy join","6255.11","true"
"559","Enough southern particular","7431.79","false"
"560","Rock nation fall very","7570.72","true"
"561","Likely town","5606.63","true"
"562","Weight family friend","5609.98","true"
"563","Or charge trouble","580.08","true"
"564","Condition reduce","4788.89","true"
"565","By can this will right","5484.33","false"
"566","President cut table boy her","4887.18","true"
"567","Early shoulder blood left","3878.78","true"
"568","Plant audience owner ok stock","6491.67","true"
"569","Agency class campaign such","1814.95","true"
"570","Those rise this network","2954.98","true"
"571","Participant hope","8222.74","false"
"572","Building reduce pass gun","3063.15","true"
"573","Now until buy","9328.30","true"
"574","Plant support doctor above","9447.31","false"
"575","Soon tree work buy","3271.66","false"
"576","Ask law cell contain bring","8696.83","false"
"577","Fish either society write sit","4190.73","false"
"578","Fact economic never sort","9007.31","false"
"579","This story room recognize","5937.24","true"
"580","Walk letter amount","4196.30","false"
"581","Defense ask action top identify","3208.75","false"
"582","Century cost room blue media","9575.24","true"
"583","Animal skin event","818.37","true"
"584","Run somebody nor","4800.00","false"
"585","Week clearly leave","1137.48","false"
"586","Evidence alone","5431.71","true"
"587","Book least sort","2599.39","false"
"588","Community value","1205.62","false"
"589","Federal only easy though meeting","9602.87","true"
"590","Young compare kid themselves road","9694.69","false"
"591","Old pick charge person","9739.08","true"
"592","Suffer agency nor remain","7649.49","false"
"593","Drug follow life none","5463.12","true"
"594","Sing hour offer report","830.51","true"
"595","Hospital about write sport former","1812.64","true"
"596","Note respond magazine","9356.71","true"
"597","Guess move add","4802.48","false"
"598","Mission scene decision affect","3061.59","false"
"599","Tree deal front decade","1523.93","true"
"600","Director beyond situation cell","4631.99","false"
"601","Box letter","8177.79","false"
"602","Himself business","1588.41","false"
"603","Service commercial generation","3884.12","false"
"604","Product space plant","954.30","true"
"605","Office suggest","8068.76","true"
"606","Total action can process","5183.87","true"
"607","Everyone white staff","9719.33","true"
"608","Seven heavy music time option","5057.89","true"
"609","Clear film often realize account","9573.50","true"
"610","Cold indicate there character","2446.73","false"
"611","Upon scene natural television","5477.21","true"
"612","Rise participant","7093.52","false"
"613","Share push kid","9855.14","false"
"614","Data wife send recognize","591.86","false"
"615","Medical usually east chance","9204.48","true"
"616","Machine could suddenly take","7216.89","false"
"617","To worker","9818.52","true"
"618","Score within occur concern happen","979.21","false"
"619","Good follow develop pass prove","1162.55","false"
"620","Growth assume foreign Mr minute","1135.64","false"
"621","Idea safe","9081.93","true"
"622","Provide medical hour reveal","7804.67","false"
"623","Already doctor fact","9043.48","false"
"624","Including box improve factor","3952.00","false"
"625","Summer decision into fine","7137.61","true"
"626","Laugh doctor speech action","3233.68","true"
"627","Decide family present likely wind","3638.96","true"
"628","Your system leader half","5601.83","true"
"629","Usually wrong","9701.33","false"
"630","Book stop letter response","6501.72","true"
"631","Particular building end return","5004.93","true"
"632","Difficult car","6782.25","false"
"633","End significant card coach","5220.98","true"
"634","Other her","9229.16","true"
"635","Hold no create themselves upon","6794.41","false"
"636","Time you man","5413.73","false"
"637","Sort add religious","4676.21","true"
"638","Significant now when","3386.99","true"
"639","Someone boy explain especially tell","6359.26","true"
"640","Officer rate detail","1453.33","false"
"641","Firm tax win look","9506.13","false"
"642","Between animal raise bring those","1515.06","true"
"643","Force modern realize line","7734.73","false"
"644","Wide house","2731.93","false"
"645","Old week eye ok couple","6384.44","false"
"646","Contain suddenly between why","9335.52","false"
"647","Officer election","7200.26","true"
"648","Offer difficult particular sound","4202.74","false"
"649","Read seat","7186.49","false"
"650","About employee why","1624.45","true"
"651","Just able popular","1835.07","false"
"652","Time keep herself myself","3047.14","true"
"653","Where indicate decision southern growth","8908.41","false"
"654","Value conference lead federal focus","8341.41","false"
"655","Statement report","8545.45","false"
"656","Today few of recent mother","2210.11","true"
"657","Education room line because conference","5921.22","true"
"658","Theory stop cover behavior rise","4754.59","true"
"659","Program food center move lay","3807.31","false"
"660","Consumer your","4622.14","true"
"661","Evidence agree across cost crime","4720.64","false"
"662","Affect message body perhaps","4589.20","true"
"663","Artist whom","6572.05","false"
"664","Institution place support","3577.93","false"
"665","Final medical truth admit staff","6866.71","false"
"666","Writer partner vote out","6866.38","true"
"667","Billion benefit","2905.80","true"
"668","Compare people meeting","2861.58","true"
"669","Stay fight easy rule","6296.49","false"
"670","Avoid draw western away","1172.24","false"
"671","Hotel PM","9006.51","false"
"672","Heart particularly night money occur","1962.86","true"
"673","According paper discover place","6362.05","false"
"674","Agreement question point","4005.41","false"
"675","East east","8667.14","false"
"676","Save much force","9725.76","true"
"677","Training senior","5927.53","false"
"678","Understand skill bit","5997.80","false"
"679","Response option instead full","9429.68","true"
"680","Mr case hand dog manager","2772.83","false"
"681","Certain for","5027.68","true"
"682","Less someone","1431.44","true"
"683","Relationship moment air director","1869.80","true"
"684","From health claim","9111.18","false"
"685","Large two","7998.76","false"
"686","Color executive","9083.24","true"
"687","If cup true let tough","3257.47","false"
"688","Project oil","6537.59","false"
"689","Group all","7975.47","false"
"690","Carry experience budget bit","8888.11","true"
"691","Rather theory","3739.23","true"
"692","Imagine various return lay cup","8083.03","true"
"693","Television matter number","5106.20","true"
"694","Focus until several sing","9453.90","false"
"695","Dinner majority last","4636.98","false"
"696","Note really","1714.21","false"
"697","Under box","3740.83","false"
"698","Certainly everyone report","8691.94","true"
"699","Dark family thousand through","3743.03","true"
"700","Half however suddenly begin","6613.68","true"
"701","While head development manage","1699.24","false"
"702","Hand just military change better","6825.54","false"
"703","Great medical discover even while","6503.26","true"
"704","People win either bit","1364.53","false"
"705","Inside mind especially against measure","676.51","true"
"706","Door teacher hold school leg","3269.45","true"
"707","Four his need","6217.40","false"
"708","Key camera thing","7989.43","true"
"709","Their young although end too","2518.01","false"
"710","Direction dream candidate recent","3632.84","false"
"711","Anyone understand result need moment","7961.98","false"
"712","Research somebody room","5745.31","true"
"713","Strategy base black cold near","9059.61","false"
"714","Represent central feel right","5037.91","false"
"715","Who strategy owner","6062.86","false"
"716","Hold local usually street sing","9964.99","false"
"717","Land onto board","2777.77","true"
"718","Popular central sport","9605.97","false"
"719","Head should order impact within","6792.41","true"
"720","Imagine believe talk education policy","6785.91","true"
"721","Answer front which","2968.55","false"
"722","Nearly consumer usually upon","1406.59","true"
"723","Service suggest federal","3861.14","false"
"724","Audience type play","5094.94","true"
"725","My with memory","3511.02","false"
"726","Occur become claim Mrs","2814.55","false"
"727","Much public","649.36","false"
"728","Pretty firm begin understand","4751.44","false"
"729","College police direction","5263.81","false"
"730","Language anything have answer","2143.26","true"
"731","Federal receive easy","589.86","true"
"732","Church act","8464.76","true"
"733","Fast country girl","8807.12","false"
"734","Front because","841.42","false"
"735","Tell there wait","8707.88","false"
"736","Sea avoid goal view","5445.43","true"
"737","Strong front you","3224.20","false"
"738","Expect area","5956.26","false"
"739","Police walk close","4476.40","false"
"740","A improve","4555.43","true"
"741","Research system whatever nothing","5460.48","false"
"742","Bring sit she","7466.02","false"
"743","Mean produce total","4414.20","false"
"744","Have oil recent job rule","3145.58","true"
"745","Position drive within","8484.47","true"
"746","Out wonder list","2210.73","true"
"747","Much knowledge reveal center step","6630.97","false"
"748","Network today story yard good","4471.52","false"
"749","Animal save world condition industry","8870.72","false"
"750","Reality as dinner","3944.90","false"
"751","Market difference run","3913.83","true"
"752","Always any night","7809.66","true"
"753","Sport executive","4372.21","true"
"754","Great whole such finally","5274.18","true"
"755","Through ready across move ask","6594.58","true"
"756","Fall commercial late black","2620.80","false"
"757","Once several statement knowledge","5476.09","true"
"758","Shake nothing heavy herself forward","4943.85","false"
"759","Image hotel expert","5608.94","true"
"760","Clearly adult","6728.70","true"
"761","To point threat","741.13","true"
"762","Build including other","2793.17","true"
"763","Treatment ground outside language good","6589.17","false"
"764","Head similar political","8223.27","true"
"765","Identify recently my owner statement","2168.36","false"
"766","Give ball behind coach nearly","8619.34","true"
"767","Tonight score but talk","7654.04","true"
"768","Work remember many shake","3257.53","true"
"769","Out admit forward","9393.98","false"
"770","Office culture last","3731.63","true"
"771","Evidence sell","8384.44","true"
"772","The for","2748.42","true"
"773","Catch degree body her","2894.60","false"
"774","Ahead town","4485.98","false"
"775","Style policy fact","8696.97","false"
"776","Thought thus door","6651.10","true"
"777","Teach garden","634.89","true"
"778","Wind suffer eye","3707.65","false"
"779","Before political","3161.14","false"
"780","Not fill good","1127.49","true"
"781","Lead clear physical","1886.76","false"
"782","Can college history","7402.39","true"
"783","Fire month will eye","1064.99","true"
"784","Tv try factor manager against","8703.37","true"
"785","Majority color weight","4549.01","false"
"786","Us gas","7788.19","true"
"787","Strong star","7308.17","true"
"788","To easy coach consumer","1856.81","true"
"789","Out outside discover","3557.98","false"
"790","Accept into notice","6067.26","true"
"791","Nature example","2526.41","false"
"792","Somebody for","9950.64","true"
"793","Every fine let","678.72","false"
"794","Go street during share","9745.06","true"
"795","Traditional perform scene","5534.69","true"
"796","Door anything","6664.24","false"
"797","Maintain pretty buy wind","9670.71","true"
"798","Must picture","8558.94","true"
"799","Better quite which deal","3411.08","false"
"800","Public idea space foot number","9843.72","true"
"801","Think kind should data","742.00","true"
"802","We after record","2559.04","true"
"803","Result those do","8411.43","false"
"804","Per stuff memory theory fire","6403.18","true"
"805","Keep forget","2470.85","true"
"806","Contain office you","9515.14","false"
"807","Case everybody effect","1041.44","false"
"808","Fire yourself school true","2822.54","true"
"809","Become once case","8793.87","false"
"810","Consumer owner","2990.39","false"
"811","Continue training site","9872.76","false"
"812","Anything my myself all Republican","634.85","true"
"813","Apply adult democratic","1374.88","false"
"814","Sort read","4512.32","true"
"815","Field keep act often","7831.42","false"
"816","Force west billion share","8407.80","false"
"817","Play best capital","7505.89","true"
"818","Maybe exactly","5527.28","true"
"819","Program possible performance","556.20","true"
"820","Before politics number none skill","5341.66","false"
"821","Will tend discover notice","3865.61","false"
"822","Nor into doctor scientist age","7059.48","true"
"823","Full east debate western join","3439.14","true"
"824","Approach authority behavior yet","9592.13","true"
"825","Goal win","5114.81","false"
"826","Enough realize camera","7191.41","true"
"827","Not war current the","6270.20","true"
"828","Artist individual realize minute","640.50","true"
"829","Serve senior design hand act","8304.48","true"
"830","Her anyone","4988.67","false"
"831","Expert boy positive building","6015.21","false"
"832","At sense like","9179.97","true"
"833","Window exactly cover local American","3603.92","true"
"834","Fall yes nice share","5649.07","true"
"835","Man parent","5911.52","true"
"836","Success sea","4366.62","false"
"837","Mind or picture draw","1421.85","false"
"838","Ready teach approach successful sing","5928.02","false"
"839","Music reduce you military senior","776.09","true"
"840","International admit moment such add","4115.05","false"
"841","Thus phone","8573.78","false"
"842","Performance way task","5098.55","false"
"843","Image maybe myself find","8270.45","false"
"844","Company prevent glass visit brother","930.44","true"
"845","Movement way your role","6859.91","false"
"846","Magazine plan relationship stand","7409.03","false"
"847","Free argue yeah","5430.19","false"
"848","Subject from own very","4213.73","true"
"849","Turn natural","8706.71","false"
"850","Century prepare treat laugh indeed","9577.71","true"
"851","Human stay sit","580.29","false"
"852","Write media","4195.98","true"
"853","Road building nature other","8933.20","false"
"854","Machine foot issue prevent teacher","2549.88","false"
"855","Former trial safe usually","2871.37","false"
"856","Commercial say customer information","5878.92","true"
"857","Also network security red himself","7641.98","true"
"858","Stuff behavior agreement close","6550.97","false"
"859","Purpose institution action social","1966.40","false"
"860","Image to maintain","2505.15","true"
"861","Administration memory check","1129.30","true"
"862","Beautiful cause","1913.24","false"
"863","Son prove many company only","4870.23","true"
"864","Record recent","9733.85","true"
"865","Great little hair money","1658.27","false"
"866","Boy report meeting","701.14","true"
"867","Yourself air","6583.87","false"
"868","Also follow director","4760.74","false"
"869","Reason six themselves move difference","9634.19","false"
"870","Student later have population take","6455.87","false"
"871","Show sometimes address character","6681.82","false"
"872","Light bed year way","6371.95","true"
"873","Rock popular area group go","4528.90","true"
"874","Mother simple car responsibility item","8973.72","false"
"875","Answer up them","8272.60","true"
"876","Point certain turn budget action","1763.87","true"
"877","Number reality everyone","7911.93","true"
"878","Think try society","6051.27","false"
"879","Before however medical little","9852.25","true"
"880","Business energy worry over","7458.71","false"
"881","Number nearly amount forget","8959.86","true"
"882","Baby dog","9395.88","false"
"883","Meeting government forward last","1975.15","false"
"884","There far because","7892.16","false"
"885","Within reach couple school among","1129.39","false"
"886","Yet lawyer performance still","6718.27","false"
"887","Over authority one discussion international","3888.37","true"
"888","Ever blood century","9500.53","true"
"889","Two help control","4713.79","true"
"890","Television wall","887.33","false"
"891","Star shoulder commercial until","3972.85","true"
"892","Could material","6346.50","false"
"893","The billion","4352.12","true"
"894","Story some couple left","3609.01","true"
"895","Actually whom clearly","9653.45","false"
"896","Gun wear","724.52","false"
"897","Food from task interesting","6383.55","false"
"898","Technology medical must","9390.53","true"
"899","But baby every","7940.74","true"
"900","Whether notice live","5496.81","true"
"901","Product write","3656.33","true"
"902","Only fall sing data","9809.88","true"
"903","Stage time late guess stand","7291.13","false"
"904","Provide article drop join","9385.36","false"
"905","Teacher administration run allow","6569.42","true"
"906","This line able","9637.35","true"
"907","Successful necessary","1784.55","false"
"908","If each bank their","7595.96","true"
"909","Compare only coach","4852.92","false"
"910","Tv consider future couple","8054.60","true"
"911","At article through","5717.79","true"
"912","Contain voice","5868.86","false"
"913","General fact which","5295.13","true"
"914","Parent one man main east","4427.79","true"
"915","Again serious then career","4550.58","false"
"916","Son these race artist","9876.64","false"
"917","Decision break","7953.00","true"
"918","Daughter car speak sense","8937.02","true"
"919","Ground toward those rather","6128.94","true"
"920","Security establish sure","3103.37","false"
"921","Message agent gas project","1463.79","true"
"922","Detail road meet wall","1670.73","true"
"923","For when generation","2697.02","false"
"924","Friend follow career bad fine","5559.05","true"
"925","President all north big sign","5095.51","false"
"926","Whatever record billion today receive","5314.34","true"
"927","Respond make rather from","3352.28","false"
"928","Happy small ago","2385.08","false"
"929","Speech discussion manage identify man","518.93","false"
"930","Test street official","5978.82","true"
"931","Teacher site stop","1884.40","false"
"932","Coach attention","6786.98","false"
"933","Once history their","1280.23","false"
"934","Week seat hundred","4457.96","false"
"935","Without article debate color perhaps","9332.47","true"
"936","Age list newspaper","8078.68","false"
"937","Training trip thing prove likely","7604.63","false"
"938","Statement idea week cause hospital","7548.04","false"
"939","Along serve south","3845.07","false"
"940","Hear performance type","3642.31","true"
"941","Nor instead at","3527.90","false"
"942","Represent along window","687.59","true"
"943","Girl approach","2666.96","false"
"944","Even enter","6734.56","true"
"945","Director yet president might","1366.98","true"
"946","Imagine store all","4164.58","true"
"947","Laugh never treat decade very","6070.05","false"
"948","Seven real according piece data","2207.16","true"
"949","Art of list Mrs indicate","8091.56","true"
"950","Do kind and medical","8158.41","false"
"951","Matter those tell one","8294.61","true"
"952","Phone rise bar establish garden","1937.42","false"
"953","City player somebody simple animal","3445.33","false"
"954","Could report such bank","9910.26","true"
"955","Choice may decision","9141.54","false"
"956","Art machine career","2144.53","true"
"957","Own number threat foot economic","4289.86","true"
"958","Also reach","5538.52","false"
"959","Successful age","2513.06","false"
"960","Thousand miss protect edge","1684.28","false"
"961","Nothing soon year","1346.50","true"
"962","Film appear","2463.82","true"
"963","Care trouble kind fund glass","5730.07","false"
"964","Ever hold","7645.12","false"
"965","Foreign hit skill quite","4022.88","true"
"966","Lay level smile suffer","5943.77","true"
"967","Campaign military stay","9461.88","false"
"968","Open describe practice series","5510.40","false"
"969","Majority executive common","2151.33","true"
"970","Card now","9713.18","true"
"971","Sense consider","1075.89","true"
"972","Kid amount","5062.34","false"
"973","Class sea","5022.10","false"
"974","Life system","3245.30","false"
"975","Speech public less","7138.23","false"
"976","Republican hope speak plant American","8208.24","false"
"977","Better serve","4799.10","false"
"978","Tough seek since treatment modern","624.02","false"
"979","Significant seat","3082.79","true"
"980","Base remember","4323.50","false"
"981","Fall subject together","8732.04","false"
"982","Health begin cover","8761.20","false"
"983","Matter major maybe","1565.86","false"
"984","Buy wind father","8710.79","true"
"985","Mouth religious work century","6151.75","false"
"986","Health report wife so","3603.05","false"
"987","Commercial center technology","4164.26","true"
"988","Reduce little","9078.82","true"
"989","Present nor into road pretty","3691.74","false"
"990","Small account number lawyer story","6774.11","true"
"991","Worry their fire beyond play","4668.22","true"
"992","Yourself partner officer remain","4384.54","true"
"993","Effort near red number","9888.22","true"
"994","Agent discover sing","9552.25","false"
"995","Go impact affect","2318.68","true"
"996","Eight agency life without knowledge","2054.17","true"
"997","Television bad year board director","7934.81","true"
"998","Seven security everything church","6581.88","false"
"999","Accept Democrat","8481.99","false"
"1000","Quite really bit","1933.39","false"
"1001","Surface let majority feel modern","6389.87","true"
"1002","Learn individual mean","5270.34","false"
"1003","Statement figure record","6059.63","false"
"1004","Skill whole raise","3377.53","false"
"1005","Before test","802.28","false"
"1006","Within authority conference politics","8771.25","false"
"1007","Industry provide job too shake","1327.71","false"
"1008","For state live hot exist","4530.84","false"
"1009","Painting develop student half news","1941.94","false"
"1010","Much his open learn ago","1957.08","false"
"1011","Cup threat morning","8360.78","false"
"1012","Population minute day available","4073.58","true"
"1013","Business read gun","5023.74","false"
"1014","Customer wish before you","9376.26","false"
"1015","Economic Mrs issue","4188.23","false"
"1016","Draw from","5029.67","true"
"1017","Season set consumer","1449.30","false"
"1018","Send image rate evidence","5514.60","false"
"1019","Tell cover next not","3129.79","true"
"1020","Everything join oil","8243.55","true"
"1021","Exactly concern article admit","8825.42","true"
"1022","Oil political think","6138.42","false"
"1023","Suffer bar condition choose easy","2344.93","false"
"1024","Assume manager rest","3157.02","false"
"1025","Travel use change federal dinner","8347.47","false"
"1026","Meet amount gun","3544.93","false"
"1027","Today enjoy","7403.53","true"
"1028","Their month","3739.84","true"
"1029","Way born happen","9164.06","false"
"1030","Experience high let","5708.93","true"
"1031","Require there","9130.84","true"
"1032","Response eye happy other own","7984.23","true"
"1033","Page modern Mrs","8375.38","true"
"1034","Night involve","7209.73","true"
"1035","Play as new near","9146.99","false"
"1036","Identify deep again","8173.81","false"
"1037","Window early side common","3116.21","true"
"1038","Town than director top","7867.74","true"
"1039","Gas answer music return interest","3799.58","false"
"1040","These finish yes","6937.70","true"
"1041","First usually worry company","2048.51","false"
"1042","Speak relate increase","1713.78","false"
"1043","Congress real bad","6137.52","false"
"1044","Billion agreement more language","1233.11","true"
"1045","While size success","1620.48","false"
"1046","Certainly matter would","7759.48","false"
"1047","Game message hotel product light","5699.61","true"
"1048","Door attorney","6332.96","false"
"1049","None prepare them","7217.09","false"
"1050","Address foot recently art run","2034.88","false"
"1051","Social guess open take over","1862.36","false"
"1052","Money time","3221.82","true"
"1053","Feel benefit for","6238.30","true"
"1054","Section husband than ready between","6650.74","true"
"1055","Month most","1815.45","true"
"1056","Same return message animal","803.17","false"
"1057","Democratic radio too personal phone","5793.36","false"
"1058","Administration discover","8935.12","false"
"1059","From fund","5952.59","true"
"1060","Eight opportunity maybe future pay","2672.19","false"
"1061","Week inside firm sea","6663.19","false"
"1062","Culture management student decade","3272.42","false"
"1063","Financial white dream project floor","718.30","true"
"1064","Message action force official onto","2816.91","true"
"1065","Score by free available","4289.65","true"
"1066","Science as","8557.20","true"
"1067","Beyond no board whether since","5113.98","false"
"1068","Speech cut but","5697.11","true"
"1069","Attack simple ready message","9475.09","true"
"1070","Consider song glass","3755.93","true"
"1071","Require job everyone many","7916.49","true"
"1072","Cause single","2381.30","true"
"1073","Receive though before happy than","8311.77","false"
"1074","Year recent too response","6946.57","true"
"1075","Management space less","1075.49","true"
"1076","Somebody role","3257.79","false"
"1077","Green expect black everyone","7247.46","false"
"1078","Light material interesting away","5911.19","true"
"1079","Sure since skin","3178.43","true"
"1080","Until score effort family","994.01","true"
"1081","Front play understand another","1704.11","false"
"1082","Anyone fish task vote","1391.94","false"
"1083","Recognize try choose","8951.70","true"
"1084","Record assume kitchen","1662.90","false"
"1085","Future each two","7050.35","true"
"1086","Special lead he late","4372.79","true"
"1087","Enjoy gun effect lose","4890.40","true"
"1088","Positive child pressure","7372.40","true"
"1089","Kitchen tell","7263.61","true"
"1090","Sense president decade","1084.39","true"
"1091","Result responsibility they","2999.70","false"
"1092","Goal within measure car strategy","9647.00","true"
"1093","Only push","7593.87","true"
"1094","Politics assume check prepare","1031.52","false"
"1095","Meeting through sister against my","7913.30","false"
"1096","Successful property","6333.38","true"
"1097","Without compare national question","5561.91","true"
"1098","Key nice agent sign","5496.22","true"
"1099","Last attorney buy carry","1540.93","true"
"1100","Fall citizen partner edge two","3827.91","true"
"1101","Author modern road sit able","4932.40","true"
"1102","Few three training her","7854.11","true"
"1103","End reflect rock account throughout","4438.91","false"
"1104","Property film many","4121.93","true"
"1105","And decision","3722.96","false"
"1106","Any real fight capital","1834.98","true"
"1107","Practice official pull rock","1748.69","true"
"1108","Size century executive","7748.11","false"
"1109","Me imagine summer summer consider","5851.05","false"
"1110","Must degree","8537.42","true"
"1111","Deep must hair","4754.14","false"
"1112","Result need","4828.83","true"
"1113","Relationship guess lay","1767.54","true"
"1114","Reality forward","8325.70","false"
"1115","Number present that","1090.17","false"
"1116","Go simply","5604.23","true"
"1117","Clear change manage or","2966.33","false"
"1118","Story law whatever","3399.53","false"
"1119","Bed some perhaps","977.49","false"
"1120","Together little collection","5788.42","true"
"1121","Senior your","9509.71","true"
"1122","Note true","3955.27","true"
"1123","Speak listen expect anything view","2343.63","true"
"1124","But money why","8041.98","false"
"1125","Price reveal","6206.48","false"
"1126","Letter total early threat","9211.94","false"
"1127","Commercial building plant apply","8804.87","true"
"1128","Mother break system reality compare","1592.85","false"
"1129","Woman board so","8825.89","true"
"1130","Loss participant four","5775.18","false"
"1131","Recognize sense rise","8280.36","true"
"1132","When difference support","8992.16","true"
"1133","Trial gas especially","6778.51","false"
"1134","Value same foot list","4081.72","true"
"1135","Sing accept","4266.34","true"
"1136","Already up choice","7206.46","false"
"1137","Involve control","5208.77","false"
"1138","Old stand laugh war","6011.98","false"
"1139","Son hard yourself not","9260.56","false"
"1140","Read give because catch goal","5041.43","true"
"1141","Recently American you everything","6742.78","true"
"1142","Class few PM leader political","6355.24","true"
"1143","Heavy science ahead study","1139.23","false"
"1144","Morning how ball prepare rich","4102.19","false"
"1145","Stand as opportunity work","659.29","false"
"1146","Environmental weight increase","3268.98","false"
"1147","Still education who","8816.91","false"
"1148","Town ahead","6135.81","true"
"1149","Also sign outside product","4276.39","true"
"1150","Center visit couple why","4008.53","true"
"1151","Night agency cover sister","9992.05","false"
"1152","Write far television report according","7574.59","true"
"1153","Office thing they","9925.05","false"
"1154","That they work","1592.23","true"
"1155","Like hold reduce boy","7314.37","false"
"1156","Country dinner","9928.74","false"
"1157","Establish but stop factor","4973.06","true"
"1158","Pattern heart simply scientist","3944.46","false"
"1159","Against author size","1419.63","false"
"1160","Assume strategy","6053.86","true"
"1161","Idea to","5103.80","true"
"1162","Line front","6602.91","true"
"1163","Indicate between","9058.23","true"
"1164","Keep mind avoid threat","6136.33","false"
"1165","Oil low nation force marriage","9468.83","true"
"1166","Single west happy building","2980.78","false"
"1167","Body world huge end","8096.79","false"
"1168","Science defense","8516.13","false"
"1169","Face whose surface","1460.05","false"
"1170","Miss drug","6021.48","true"
"1171","Hundred ability accept usually high","9380.04","false"
"1172","Each agreement day","2423.05","false"
"1173","Or wait home against","4498.52","false"
"1174","Sign expect strong per","6675.15","false"
"1175","Task look subject nor","4098.03","true"
"1176","Ago concern","9422.18","true"
"1177","Civil thousand moment government","1920.46","false"
"1178","Minute decision front","3643.11","false"
"1179","Account want indeed article","3924.80","true"
"1180","Know article old","6312.47","true"
"1181","Ok seat media environment look","5764.30","false"
"1182","May live","6355.96","false"
"1183","Civil our research","4847.20","true"
"1184","Outside writer human upon","3340.43","false"
"1185","Should first writer right drug","6807.36","false"
"1186","Stuff box poor few","9596.82","false"
"1187","No much find site","6141.27","false"
"1188","Majority level","6250.64","true"
"1189","Foot marriage often","8660.42","true"
"1190","Answer let","6837.82","false"
"1191","Big contain","4653.12","true"
"1192","Opportunity her","9520.25","true"
"1193","Happen sound","611.08","true"
"1194","Box western board","7938.53","true"
"1195","Spring national anyone","3406.35","true"
"1196","Seat life","9930.43","false"
"1197","Sound time result now stock","4929.57","false"
"1198","Law support major","1872.85","true"
"1199","Ball oil","8730.27","true"
"1200","Adult bill recognize situation","5886.51","true"
"1201","Goal just gun agency type","1052.05","true"
"1202","Dream billion sometimes section name","8287.49","false"
"1203","Deal size sister","8794.15","true"
"1204","News instead","5081.44","true"
"1205","Meeting do most son there","7773.43","true"
"1206","Resource save other","7248.63","true"
"1207","Fly deal purpose author","1853.57","false"
"1208","Hold dream economic job","1437.88","false"
"1209","Pass young","3153.52","false"
"1210","Laugh weight purpose","2098.19","false"
"1211","Their buy politics management police","8857.13","true"
"1212","Which tonight song hot","4149.16","false"
"1213","Quite thus can","4364.67","true"
"1214","Culture worry myself any seven","8492.39","true"
"1215","Exactly because pick","4816.48","false"
"1216","Base start","1796.72","false"
"1217","Show apply produce next could","3804.00","true"
"1218","Drug answer picture him difficult","937.17","true"
"1219","Drug that morning reflect","1595.02","true"
"1220","Through again","9349.98","true"
"1221","Factor team expert early million","3917.02","true"
"1222","Different form family","2480.70","false"
"1223","Politics billion","9950.26","false"
"1224","Choose environmental event cold everything","4228.42","false"
"1225","Poor avoid start difficult record","3052.89","true"
"1226","No walk Congress include","8526.91","false"
"1227","Common same Congress south represent","9149.99","false"
"1228","Standard present prevent person","3618.57","true"
"1229","Give thousand","6838.51","true"
"1230","Agent out require","3114.12","true"
"1231","Movie become sure beat","2648.38","true"
"1232","Walk road","1666.20","true"
"1233","Stand easy carry true","6195.03","false"
"1234","Say machine size dog","8854.63","true"
"1235","Debate activity property strategy art","7969.99","false"
"1236","Course room hard financial","7838.01","true"
"1237","School pull support success prevent","9769.21","true"
"1238","Finally career option","7361.75","false"
"1239","Here church thing difference time","3013.06","false"
"1240","Begin heart hot least","1664.54","true"
"1241","Either history","6937.92","false"
"1242","Stop religious","3242.55","true"
"1243","Performance ten","1256.50","false"
"1244","Answer economy threat do someone","8934.05","true"
"1245","Approach age","7578.49","false"
"1246","Hotel something for ever","3085.37","false"
"1247","Defense natural dark why born","4299.96","true"
"1248","Almost still finish hospital figure","7853.36","true"
"1249","Wonder court","9233.00","false"
"1250","Main minute here","6713.02","true"
"1251","Trouble instead degree","2965.89","true"
"1252","Family mean sort dark","7121.39","false"
"1253","Mean certain","9933.58","true"
"1254","Wide huge mind","9879.80","false"
"1255","Phone fly themselves","1579.26","true"
"1256","Area inside mother","7146.98","false"
"1257","Respond billion across know","6993.49","true"
"1258","Form other degree trade","9939.67","true"
"1259","Still history usually set","5856.70","true"
"1260","Television them act hotel","1990.09","false"
"1261","Professional several","9224.16","true"
"1262","Remain wonder law machine","4923.79","false"
"1263","Physical become","3321.48","false"
"1264","Consumer traditional civil entire","6518.03","true"
"1265","Exist enough get","3125.12","false"
"1266","Body contain believe hard high","1174.32","true"
"1267","Rather black","5231.60","false"
"1268","Hope themselves different","3796.99","true"
"1269","Benefit happen difficult","9653.83","true"
"1270","Center baby power team","1170.52","false"
"1271","Allow contain","2282.93","false"
"1272","Read see food","8680.36","false"
"1273","Cover factor really agency arrive","4360.91","true"
"1274","Above team several accept against","7923.19","false"
"1275","Decade mean so","1548.36","false"
"1276","Evidence stay account whatever skill","8928.09","false"
"1277","Protect treat machine once","1449.03","true"
"1278","Until write perform everything","586.49","true"
"1279","Military carry","5251.66","false"
"1280","Voice so look nation","7986.61","false"
"1281","Tough think art","6335.63","false"
"1282","Everyone door whom audience message","2508.23","false"
"1283","Democrat ever","6094.49","true"
"1284","Girl wall","8287.38","false"
"1285","My culture side","8904.64","true"
"1286","Would around station","1470.12","true"
"1287","Enter lot kid one","7602.88","true"
"1288","Sit executive but","2775.37","false"
"1289","Beautiful hotel because common","8587.10","true"
"1290","Group simply money guess move","4732.65","true"
"1291","Newspaper personal really mean","4715.93","true"
"1292","Whether rest enough","8017.61","false"
"1293","Bar town decide series relate","9519.14","true"
"1294","State record old special walk","9507.60","true"
"1295","Sing pay list once soon","5965.74","true"
"1296","Show toward staff water","608.38","false"
"1297","Economy soon part special","6593.06","false"
"1298","Create Mr","4162.29","true"
"1299","Figure including hundred fire","7237.83","true"
"1300","Answer carry white strategy best","8839.64","true"
"1301","Black cell open return","2929.67","false"
"1302","Dog out four political","9996.62","true"
"1303","Goal strong citizen","7474.97","true"
"1304","Former authority stock","5622.50","false"
"1305","Various personal these","863.10","true"
"1306","Main but administration weight past","9960.47","true"
"1307","Employee campaign subject","5207.52","true"
"1308","That type think","5709.22","false"
"1309","Lawyer memory she become","2436.88","true"
"1310","Relationship identify","2288.13","true"
"1311","Station stand decade parent","6454.42","false"
"1312","Society father everyone","9840.68","false"
"1313","Place summer position wear treatment","8330.88","true"
"1314","Growth shoulder family identify","2104.00","false"
"1315","Science third new weight their","8521.12","true"
"1316","Expert open expect","8880.43","true"
"1317","Cover economic anyone","5925.99","true"
"1318","List run reduce","3527.41","true"
"1319","Offer daughter drive","3046.55","true"
"1320","Reach then","8169.96","true"
"1321","Cost sometimes side network call","4046.71","false"
"1322","Deep subject the food put","3947.85","true"
"1323","No thought evening","5753.57","false"
"1324","Reflect best week","4393.11","true"
"1325","Our organization subject","6561.43","true"
"1326","Hundred common","4161.58","true"
"1327","Across my on all often","3650.64","false"
"1328","Father mention dark","4111.46","true"
"1329","War short much condition","4022.42","false"
"1330","As painting","2189.95","false"
"1331","Wait ahead","1350.60","true"
"1332","Thought necessary capital","3917.07","false"
"1333","At eight stage direction","1856.73","true"
"1334","Citizen point not public within","675.06","true"
"1335","Civil me protect democratic","4155.20","true"
"1336","Like such wall","8378.06","true"
"1337","Human window would bed whole","9384.32","true"
"1338","Spring cold","8772.77","false"
"1339","Though wonder camera involve","1988.17","false"
"1340","Peace degree author","583.56","false"
"1341","Six know research stay pretty","9989.87","true"
"1342","Always body ever","1930.20","true"
"1343","Cup service special small","7059.61","false"
"1344","Doctor bed gas voice structure","8210.67","true"
"1345","Media themselves but dinner gun","7267.12","true"
"1346","Represent claim hot","8966.75","true"
"1347","Rate top us student financial","4097.00","false"
"1348","Better phone truth","1741.61","false"
"1349","Similar across true","9798.48","true"
"1350","Better start","6674.30","true"
"1351","Baby short gas live mother","6775.91","false"
"1352","Bad learn establish","8834.02","true"
"1353","Couple free station","8185.26","true"
"1354","Sport culture west","4721.14","true"
"1355","Answer media","6775.25","true"
"1356","Because feeling reason","2135.86","true"
"1357","Name service here movie","780.08","true"
"1358","Anyone key majority share","2955.15","false"
"1359","Quite plant respond","2351.28","true"
"1360","Particular red admit","8460.44","true"
"1361","Accept instead order physical word","6136.81","false"
"1362","Just small each attention be","794.41","true"
"1363","Record admit media loss","5331.40","true"
"1364","Animal court reality establish front","1613.25","true"
"1365","Cut off government its","8506.26","true"
"1366","Author night environmental","2758.69","true"
"1367","City situation TV entire","2572.55","false"
"1368","Before also","2856.65","false"
"1369","Dream source million course","7018.28","false"
"1370","Structure sense city herself","3199.29","false"
"1371","Sell throw throw stage bank","9915.71","true"
"1372","Agreement lawyer who","4651.72","false"
"1373","Community to section oil","7494.26","false"
"1374","Term and","6077.46","true"
"1375","Enter themselves size even lead","5935.87","false"
"1376","Evidence music around other","2369.45","true"
"1377","Mr attack section on","6128.82","true"
"1378","Carry pretty leader add rather","4021.62","true"
"1379","Trial PM large leave","1813.89","true"
"1380","Participant then full surface","8112.09","false"
"1381","Create board","9159.02","false"
"1382","Try number close land","7910.78","false"
"1383","For base if specific","8225.73","false"
"1384","Since there yet manage role","3613.55","false"
"1385","Table ball there","5707.26","true"
"1386","Story maybe begin establish","9915.11","false"
"1387","Kind prepare","3733.85","true"
"1388","Natural wear share style","3690.61","true"
"1389","Mouth test through role","5255.22","true"
"1390","Employee contain bad","4808.08","false"
"1391","Health dream discuss base we","1187.99","false"
"1392","Garden often board reflect","848.59","true"
"1393","Out shoulder interesting goal","7538.16","true"
"1394","Institution project sometimes all","3618.83","true"
"1395","Role top body","3588.70","false"
"1396","Draw tend perhaps","1648.28","true"
"1397","Size success return","1084.80","true"
"1398","Continue effort out nature","2279.95","false"
"1399","Gun visit","2319.41","false"
"1400","It community position education","1193.59","true"
"1401","Begin tend send","6120.61","false"
"1402","Very campaign something that","5140.92","false"
"1403","Change herself then","1382.22","false"
"1404","Instead high along","3305.97","false"
"1405","Point get effect consider blue","3427.79","true"
"1406","Hard glass know","2956.77","false"
"1407","Role section take choose","7396.45","false"
"1408","Tv Congress suffer few","3594.90","true"
"1409","South which administration","853.69","false"
"1410","Whatever involve building seek space","1659.12","false"
"1411","Hear thank","8026.20","true"
"1412","Use science interview","7761.70","true"
"1413","Task join","7820.38","true"
"1414","Expect attack south check yard","2109.92","false"
"1415","Sort end","912.38","true"
"1416","Fund rest relate","716.06","true"
"1417","Cultural seat fly spend","4730.53","false"
"1418","After president","3238.62","false"
"1419","Painting whole road point feeling","700.77","true"
"1420","Bring place event","5948.96","true"
"1421","Practice letter","6974.66","false"
"1422","Lot message suggest","8988.21","true"
"1423","Wife enough physical vote","8927.69","true"
"1424","Class sort seat","4330.12","true"
"1425","Happen minute beyond your war","3232.32","false"
"1426","Indeed charge senior","5997.47","true"
"1427","Interview boy prove hot run","9533.05","true"
"1428","People member up decision","4229.92","true"
"1429","Goal see trouble state when","9139.47","true"
"1430","Add social rate base will","1561.53","true"
"1431","Book machine indeed only","5865.73","false"
"1432","Notice type Mrs culture","9168.31","true"
"1433","Tree trip","2155.64","true"
"1434","Rate young since public","741.98","false"
"1435","Save sport sound","9308.28","false"
"1436","Country include good Mrs","6788.85","true"
"1437","Visit reduce interview","3278.31","false"
"1438","Practice law wish together ago","593.11","true"
"1439","First official decade business","1184.58","true"
"1440","Center while","9761.11","true"
"1441","Yeah project","9948.95","false"
"1442","Type cell offer","4839.81","false"
"1443","Family admit Republican federal compare","9279.45","false"
"1444","Play forget human teach letter","9357.14","true"
"1445","Page pattern range","9781.42","true"
"1446","Budget game least pass player","8236.62","true"
"1447","Want benefit sign ask","9592.14","false"
"1448","Kid big without","7911.83","false"
"1449","Store probably individual","4561.22","true"
"1450","Production citizen partner head","2097.93","false"
"1451","Floor open far","4467.56","false"
"1452","Address tax many act","8253.96","true"
"1453","Room writer society stay","1418.15","false"
"1454","Family how","9579.74","true"
"1455","There trip consider east","5232.66","false"
"1456","Event thus worry say","2872.70","false"
"1457","Will share fish meeting","7600.45","true"
"1458","Agency however around","9873.69","false"
"1459","Lot western prove recently stuff","6627.27","true"
"1460","Million already billion","8447.49","true"
"1461","Finally even behavior truth","5322.44","true"
"1462","Look resource","5863.93","false"
"1463","Have professional yes just positive","2455.69","true"
"1464","Scientist care security all","7237.04","true"
"1465","Simple soldier difficult technology","8865.02","false"
"1466","Page customer know will","5312.87","false"
"1467","Would think civil go east","2698.60","true"
"1468","Second order close structure recent","5696.75","true"
"1469","Establish order","8706.31","true"
"1470","Find box list first read","6488.15","false"
"1471","Mean almost because job power","6009.22","true"
"1472","It in child treat","4910.03","false"
"1473","Red despite network perhaps after","5860.53","true"
"1474","Standard despite","9954.94","false"
"1475","Must already these","6393.70","true"
"1476","Director beat reduce responsibility","9618.10","false"
"1477","Employee institution end","5270.88","true"
"1478","Still reflect eight","8193.97","false"
"1479","Serve successful line","4366.25","false"
"1480","Determine within fund","2049.81","false"
"1481","Lay success clearly wear right","3284.90","false"
"1482","Remain later continue","3331.70","false"
"1483","Meeting visit service course","9291.52","true"
"1484","Difference family than middle thus","860.99","true"
"1485","Here goal political","4641.06","true"
"1486","Plant happy else at woman","3812.32","false"
"1487","After skin her church","3819.47","true"
"1488","Although country relationship","2213.46","true"
"1489","Record cold half short","3930.06","false"
"1490","Base audience throughout win way","6444.21","false"
"1491","Detail successful understand recent year","2657.07","true"
"1492","Story trade","5140.70","false"
"1493","Oil beyond indeed","6310.73","true"
"1494","Own garden five enter factor","5489.29","true"
"1495","Site item wonder","2542.91","true"
"1496","Future several","5928.12","false"
"1497","Office system present fast","1112.26","false"
"1498","Region number both morning light","9434.31","true"
"1499","Training left after bit toward","797.06","true"
"1500","Run everybody onto sing","9511.73","false"
"1501","Crime agency close compare","4686.89","false"
"1502","During owner check","1631.76","false"
"1503","Before century","3259.18","false"
"1504","Discussion rich","1831.73","false"
"1505","Turn camera imagine accept","5052.07","true"
"1506","Concern every","8473.69","true"
"1507","Share modern writer","1077.03","true"
"1508","Central might each beautiful","9621.35","true"
"1509","Statement audience student exist head","690.51","true"
"1510","Indicate professor example","7112.00","false"
"1511","Probably magazine go hair contain","2610.41","true"
"1512","Range heavy tax hundred","8461.64","true"
"1513","Modern increase","8750.20","false"
"1514","Many ready according be","3946.72","false"
"1515","Anything cost conference","2781.40","true"
"1516","What while reflect","1702.66","true"
"1517","Food big","5814.87","false"
"1518","Agree ok nothing evidence leave","7798.43","false"
"1519","Tv build unit","2654.63","true"
"1520","Institution tonight act base suddenly","2518.97","false"
"1521","Happy PM finally","4427.41","false"
"1522","Bring either stay","5180.35","false"
"1523","Take certainly specific various it","9071.69","false"
"1524","Grow try","6822.39","false"
"1525","Doctor somebody","5989.11","false"
"1526","Raise put total inside","4666.65","false"
"1527","Out offer military","2087.14","true"
"1528","Fast responsibility home ability someone","8261.64","false"
"1529","Already develop coach risk morning","3412.04","false"
"1530","Add visit upon value","5725.20","true"
"1531","Ask friend","569.65","false"
"1532","Protect hold type might four","6662.92","false"
"1533","Old just note walk","7490.07","false"
"1534","Material discuss stuff","2500.12","true"
"1535","Amount billion image","9218.60","true"
"1536","Raise bed class","3878.14","false"
"1537","Tax themselves open heart","4609.66","false"
"1538","His prove environmental","3577.94","true"
"1539","Into medical once early feel","3460.37","true"
"1540","Travel friend theory in animal","8319.86","true"
"1541","Manage use pressure once father","6341.66","false"
"1542","Ground world close tree this","6310.43","true"
"1543","Several somebody suggest class","8248.17","true"
"1544","Rock generation","8662.35","true"
"1545","Kid couple most special","7586.11","true"
"1546","Impact already detail official","5537.75","false"
"1547","Necessary chance will father art","1998.45","true"
"1548","Treatment big money","2917.48","false"
"1549","Finish family family discover even","896.41","false"
"1550","Likely audience body","8673.06","true"
"1551","Responsibility often","1257.72","false"
"1552","Southern capital outside piece discuss","6319.79","false"
"1553","Provide social wear machine","4141.10","false"
"1554","Throughout discussion face color","4327.51","false"
"1555","Process tell tax","9938.75","false"
"1556","Play some","4574.66","true"
"1557","Capital democratic military paper","5616.04","true"
"1558","Low since dinner","8026.44","false"
"1559","Professional consumer","1193.21","true"
"1560","Quite if bill","1867.55","true"
"1561","Focus among require","4987.77","false"
"1562","Of safe fight camera","5264.31","true"
"1563","Region happy","2723.81","true"
"1564","Follow speak serious finally gun","2770.79","true"
"1565","Pass difference speech more central","4424.48","false"
"1566","Theory officer rather too","879.60","false"
"1567","Serve establish school he maintain","3918.02","false"
"1568","Concern sport conference","7990.68","false"
"1569","Instead husband station","5461.30","true"
"1570","Human cost space","6760.52","false"
"1571","Bad either those education","2886.89","true"
"1572","Watch garden claim","2179.76","false"
"1573","Left think effect","7554.73","false"
"1574","Day sport station south","2209.33","true"
"1575","Up heavy structure community loss","4015.10","false"
"1576","Development example question drop me","2716.46","false"
"1577","Section next","7246.55","false"
"1578","Hot media major","8557.55","false"
"1579","Tax however material because","5422.88","false"
"1580","Win knowledge nice","3633.13","false"
"1581","Item offer visit","4743.64","false"
"1582","Family easy","3908.69","true"
"1583","Real vote late foreign and","2620.50","true"
"1584","Score store store quite","547.44","true"
"1585","This write thing reflect","4851.04","false"
"1586","Music money produce daughter center","7971.45","false"
"1587","Election develop name skill","9072.46","false"
"1588","Event quality store","7420.56","false"
"1589","World never make interesting","3622.22","true"
"1590","Box stock government specific","3499.40","false"
"1591","Soon among teacher view thought","2353.72","false"
"1592","Man watch this clear","1068.73","true"
"1593","When way","992.06","true"
"1594","I modern","2156.98","false"
"1595","Movie decade art","9262.78","true"
"1596","Respond when enough indicate car","5742.67","true"
"1597","Ever first structure","8846.04","true"
"1598","Range protect wife","7594.88","false"
"1599","Allow local price teacher total","7222.19","true"
"1600","Wish early son food","4732.38","false"
"1601","Continue image fact card important","1319.46","false"
"1602","Capital pay","4012.45","true"
"1603","Control ability","9951.09","false"
"1604","Rock give building scene each","4044.93","true"
"1605","Whether full but","3686.67","true"
"1606","Ask page unit","2814.40","true"
"1607","Move someone","7243.45","true"
"1608","Pm cultural response range","7119.29","false"
"1609","Director wear","4380.71","false"
"1610","It case none finish","1336.05","true"
"1611","Very hold recently close","9999.74","true"
"1612","Out place style room produce","9205.55","false"
"1613","Model let focus","7017.58","false"
"1614","Always special","896.80","false"
"1615","Throughout forward","5401.93","false"
"1616","Teacher four police","3758.07","false"
"1617","Near while board","7830.33","false"
"1618","Within ground environmental turn","7451.86","false"
"1619","Born current","6883.22","true"
"1620","Side whole part indeed soon","4269.48","true"
"1621","Him director site","1848.07","false"
"1622","Old director such","3329.35","true"
"1623","Break fall itself candidate grow","2065.02","true"
"1624","Show sense cold indicate send","9197.89","true"
"1625","Eye war idea","1761.54","true"
"1626","May threat","890.93","true"
"1627","Important all cut","3340.74","false"
"1628","Manager television","9517.32","false"
"1629","Player world particular yeah before","7743.26","false"
"1630","As officer machine pay","4651.95","false"
"1631","Government leave direction","2302.93","true"
"1632","Store couple exactly both","9863.04","true"
"1633","Including always far push","1595.34","false"
"1634","Drug bad","7362.35","false"
"1635","Debate feeling talk single","8604.19","true"
"1636","Win bad","6410.45","false"
"1637","Manager drop whether","2630.09","true"
"1638","Vote theory maintain","5921.66","false"
"1639","Start find country test","3581.90","false"
"1640","Year individual power kind","7394.17","false"
"1641","Trade effect course begin","1371.86","false"
"1642","Office individual tonight","4222.60","false"
"1643","Ready office response either and","4029.13","false"
"1644","Together prevent mind card number","5808.88","false"
"1645","Happy place particular","5076.74","false"
"1646","Policy town relate","9197.92","true"
"1647","Operation street close stop","9308.66","true"
"1648","Similar how people various throw","4408.39","true"
"1649","Use right church executive pattern","5503.71","false"
"1650","Throw standard get","6154.78","true"
"1651","Management build until","3640.51","true"
"1652","Son moment skin","4159.31","false"
"1653","Notice campaign size effort former","8194.79","true"
"1654","Include section he","6979.79","true"
"1655","Group compare investment market time","9519.34","false"
"1656","Message front economy tree","6788.98","true"
"1657","Modern PM dark Mrs","5540.64","true"
"1658","Writer specific station past serious","2787.79","true"
"1659","Democrat behind skill","2260.74","false"
"1660","Material training simple","2491.56","true"
"1661","Cold affect","5203.09","true"
"1662","Magazine star","3244.46","false"
"1663","Central skin dog","2517.21","true"
"1664","Reason never","5518.93","true"
"1665","Certain though","2293.30","true"
"1666","Good father you future specific","8486.75","false"
"1667","Million act man happy night","7540.33","true"
"1668","Answer century send","9257.04","true"
"1669","Finally offer compare could","4195.34","false"
"1670","Year recognize","6488.67","false"
"1671","Century pass commercial range","3738.18","true"
"1672","New fish production","5140.88","true"
"1673","From force analysis","4967.90","false"
"1674","Late sort seat his","7309.77","true"
"1675","Once station assume","1880.90","true"
"1676","Protect put","2735.45","false"
"1677","Far take hold","6804.34","false"
"1678","Reality leader second maybe","9600.56","true"
"1679","Couple piece especially tell raise","7525.01","true"
"1680","Same lawyer health chair","9179.34","false"
"1681","Adult kind moment themselves","7483.04","false"
"1682","Point will health travel","8582.30","true"
"1683","Toward guess nation street record","2510.88","false"
"1684","Back wait plant them","7101.58","false"
"1685","Body nature","9995.64","true"
"1686","Former ground","2823.72","false"
"1687","True light","5298.43","false"
"1688","People feeling add","3959.73","false"
"1689","Try new street line","3437.00","false"
"1690","Unit skill","5335.08","true"
"1691","Central choose interesting","5616.41","true"
"1692","Wife computer common those social","4003.89","true"
"1693","History time person large","5218.02","false"
"1694","President play hard could","6892.97","true"
"1695","Break painting budget Congress","2705.18","false"
"1696","Head popular great","3917.62","true"
"1697","Add exactly show","4458.43","false"
"1698","Page reach central once pull","9093.08","true"
"1699","Budget away trouble","4960.34","true"
"1700","Police every management difficult","7338.74","true"
"1701","Total sound experience","1210.44","true"
"1702","Usually camera onto safe","1629.38","true"
"1703","Performance upon suddenly travel","8796.69","false"
"1704","Right standard daughter Mr impact","3367.20","true"
"1705","Challenge care break bad time","3592.29","true"
"1706","Fire though safe use","2687.94","false"
"1707","Daughter American wall social","8498.06","false"
"1708","Physical candidate stage practice","3485.80","true"
"1709","Late certainly itself","2116.56","false"
"1710","Ever fill bit local","9601.99","true"
"1711","Walk attention expect similar","9371.44","false"
"1712","Response Congress","9841.08","false"
"1713","Mission speak sell","7333.60","false"
"1714","Find cultural with","2985.13","true"
"1715","Rich manage book catch which","9026.93","true"
"1716","Enjoy approach hotel","962.94","true"
"1717","Long maybe number think","6267.66","true"
"1718","Person clearly","7948.40","true"
"1719","In television music","6277.68","false"
"1720","Little project outside behind","6803.16","false"
"1721","Wish wife growth","3364.78","true"
"1722","Structure well major brother learn","5535.78","true"
"1723","Big turn table","4686.91","true"
"1724","Woman season woman management","6097.45","true"
"1725","No prepare ok conference","9920.93","true"
"1726","It research part","4696.20","true"
"1727","Alone name program","5481.98","false"
"1728","Rock floor minute media rule","7585.35","true"
"1729","Return heavy","2512.64","true"
"1730","Air air strategy again","1694.76","true"
"1731","The then","2888.68","false"
"1732","Me however","9944.16","false"
"1733","Piece son training card want","5433.27","false"
"1734","Than his reduce","1507.92","false"
"1735","Since live claim","4149.81","false"
"1736","Will other describe organization third","7883.58","false"
"1737","Expect game stage","8726.65","false"
"1738","Offer write per","2199.18","false"
"1739","Buy end seek mention","5958.13","false"
"1740","None health","6389.43","false"
"1741","Lot behavior movement woman","2164.65","true"
"1742","Act too local experience","6902.58","false"
"1743","Media break","8935.03","false"
"1744","Garden fast happy when","4594.97","false"
"1745","Production several magazine sign act","5077.94","false"
"1746","Short medical past water","8424.34","true"
"1747","Investment contain","7458.35","false"
"1748","Surface add age","1871.90","true"
"1749","Control foot present","9136.92","false"
"1750","Note our song similar","2327.79","true"
"1751","According candidate total","6382.13","true"
"1752","City worry role trouble","3485.75","false"
"1753","Doctor fly seat","9521.97","true"
"1754","All time","6946.56","false"
"1755","Lawyer reach later surface","7435.74","true"
"1756","Step home hotel put everyone","4677.72","true"
"1757","Method establish wonder decide","4895.58","false"
"1758","World individual treat word memory","6476.92","true"
"1759","Because skill send brother","1361.66","false"
"1760","Year either career","1469.72","false"
"1761","Education woman never body","3481.92","true"
"1762","New for people wide live","4328.82","true"
"1763","Around summer trouble","6258.14","true"
"1764","Million never","6892.48","false"
"1765","After son include","5836.21","true"
"1766","Guy them different dream","3833.59","true"
"1767","Box red describe","2126.61","true"
"1768","Throw save against camera","4148.49","true"
"1769","Hit take where","3938.51","false"
"1770","Environment stand what show Democrat","7878.53","true"
"1771","Probably blood ago","1153.46","true"
"1772","Tough dark wear hospital whose","6692.60","true"
"1773","Better trade should","3139.87","true"
"1774","Art less","6801.81","false"
"1775","Receive leave employee business imagine","5620.32","true"
"1776","Have official wind quality","2359.35","false"
"1777","Management add light day","6887.89","true"
"1778","Few different create late","2894.79","false"
"1779","Like side record","6432.34","false"
"1780","Rise project painting school would","939.54","true"
"1781","Need special quickly door","2819.08","false"
"1782","Central well take too lose","4057.90","true"
"1783","Hair southern office data","5103.57","false"
"1784","Believe leg offer","8733.63","false"
"1785","Place company","978.59","true"
"1786","Vote church poor","2900.13","false"
"1787","Very forward","9257.14","false"
"1788","Represent since who price","3740.44","false"
"1789","Daughter store study","8186.71","true"
"1790","With above goal idea","7589.35","false"
"1791","Contain nice scientist green","4756.47","false"
"1792","Decision lawyer","673.04","true"
"1793","Building four remain first","5721.93","false"
"1794","Probably address threat figure discover","3423.16","true"
"1795","Town something space store party","2620.17","false"
"1796","Capital woman","942.18","true"
"1797","Model step","9161.90","false"
"1798","Mean another tree price","2782.99","true"
"1799","Defense would until","5150.65","true"
"1800","His same pattern","6758.22","false"
"1801","First laugh stock","6020.96","true"
"1802","Shake will season people","3877.21","false"
"1803","Admit wind","8623.30","false"
"1804","Happen success","7845.08","false"
"1805","Sort improve health way central","4410.10","true"
"1806","Over also charge leg","7910.22","false"
"1807","Population film","3007.82","true"
"1808","Glass low under party since","8251.76","false"
"1809","Spring mother draw spring","2753.83","false"
"1810","Other join","3414.44","false"
"1811","Attack never try","9231.75","false"
"1812","Stay little three southern","2522.56","false"
"1813","Thing mother red outside skin","6862.39","true"
"1814","Industry over perform daughter organization","6493.12","true"
"1815","Building require start","3191.64","true"
"1816","Once will","3621.04","true"
"1817","All ask analysis","6027.18","false"
"1818","Anyone president explain town","4493.23","true"
"1819","Look vote","4626.40","true"
"1820","Professor develop candidate respond","2020.09","false"
"1821","Election I like us","8124.17","false"
"1822","Direction whole family whatever","6152.83","true"
"1823","Huge gas finally might already","713.65","false"
"1824","Skin because sometimes","1075.81","false"
"1825","Into together","6255.70","true"
"1826","Program view","1455.93","true"
"1827","Argue black camera","8198.93","true"
"1828","Impact someone mother matter","2188.31","false"
"1829","Thought could player","3802.37","false"
"1830","Election nearly month happen feeling","3372.68","true"
"1831","None raise bring its enter","7493.76","false"
"1832","First single half similar","5235.47","false"
"1833","Law color base that","3016.94","false"
"1834","Body popular project factor study","1659.37","false"
"1835","See through","8609.23","true"
"1836","Size interesting development","6793.05","true"
"1837","Any letter animal","8122.25","false"
"1838","Question either social","2435.93","true"
"1839","Million pay available image thought","8145.78","true"
"1840","Month decade walk","1290.94","false"
"1841","Woman help","6619.57","false"
"1842","Television hear be detail participant","6708.50","false"
"1843","Month professor worry gun society","3578.66","false"
"1844","Image kind politics it","7004.45","true"
"1845","Should head wind","5524.52","true"
"1846","Allow office culture","1478.66","false"
"1847","Government off size all","8985.25","false"
"1848","Life field well","3968.38","true"
"1849","Democrat low morning","8423.05","false"
"1850","Road apply several","6826.15","false"
"1851","Of might training onto","5266.37","false"
"1852","West report account","4992.91","false"
"1853","Sense treatment within PM","9971.85","true"
"1854","Help fill tree night","4858.32","false"
"1855","Then support art","5773.45","false"
"1856","Respond dark lawyer agreement ahead","6796.07","false"
"1857","With whole your","3200.90","false"
"1858","Top for treat blue though","1649.66","false"
"1859","Send woman medical read","1083.66","false"
"1860","Tell bit account across","5831.65","true"
"1861","Car land more particularly medical","7695.91","false"
"1862","Those rule affect toward measure","7972.89","true"
"1863","Indeed world","1750.91","true"
"1864","Place democratic eight","3384.34","true"
"1865","Participant exactly price medical","7055.79","false"
"1866","Treatment win","1141.67","false"
"1867","Enjoy whom us","6362.42","true"
"1868","Sell building century determine","4407.13","false"
"1869","Gun hour push onto","9407.92","false"
"1870","People write","1354.47","false"
"1871","Toward lawyer administration available","7197.67","true"
"1872","Traditional end offer rise","7040.01","false"
"1873","Save kid create decade form","631.87","true"
"1874","Or compare wide appear","1408.50","false"
"1875","To science close enjoy value","6011.41","false"
"1876","Born society small","4712.18","true"
"1877","Food record sometimes","5241.54","false"
"1878","Customer boy rule my","6876.60","false"
"1879","Individual grow whether month respond","5285.17","true"
"1880","Hour role","8630.78","true"
"1881","Role approach enjoy","5310.10","true"
"1882","Minute any nearly week decision","5137.27","true"
"1883","Speak bill","6534.29","true"
"1884","Account security scene","2481.95","true"
"1885","Situation nature","3709.29","false"
"1886","Owner pretty available seven increase","4140.51","false"
"1887","Summer degree score","4229.63","false"
"1888","Rest believe final","8734.98","false"
"1889","Often least every","693.14","false"
"1890","Lose actually place high","6476.01","false"
"1891","Address beat","6566.21","true"
"1892","Interest begin agreement positive although","1713.84","true"
"1893","Technology everyone nothing size","2626.06","true"
"1894","Try movie improve his","5067.07","true"
"1895","Charge station","9435.53","true"
"1896","Technology view possible","3729.83","false"
"1897","Spring seek second still peace","6944.57","true"
"1898","Up two lead","6485.88","true"
"1899","Not far per science its","8686.71","false"
"1900","Available toward","3296.40","false"
"1901","Strong office situation kind","586.58","false"
"1902","Young raise","8614.17","false"
"1903","Evidence leader better drive interview","1828.07","true"
"1904","Fly for within describe","8048.30","false"
"1905","Key hold rate","8352.40","true"
"1906","Fall keep","6648.61","true"
"1907","Person information","5055.27","false"
"1908","Manager entire doctor whole","9151.29","true"
"1909","Across personal data","4496.61","true"
"1910","And represent loss","6204.27","false"
"1911","Cut professional book firm our","1474.63","true"
"1912","Miss culture","3272.48","true"
"1913","Popular watch","4072.33","true"
"1914","Mention truth attorney point","6269.73","true"
"1915","Never mean return down feel","4635.90","false"
"1916","Anything a like beat help","6797.21","true"
"1917","Air better kid game above","1414.81","false"
"1918","Young resource method","9966.79","false"
"1919","Player music music drug sense","2126.45","true"
"1920","Management can listen hundred","9837.29","true"
"1921","Hour produce theory suggest","1738.28","false"
"1922","Produce state moment","8807.84","false"
"1923","Lawyer power","6050.82","true"
"1924","Whether house human","8611.49","true"
"1925","Once above subject yes","2722.50","true"
"1926","Item remain","1744.42","false"
"1927","Food reason mother","576.98","true"
"1928","National opportunity practice call","3199.38","true"
"1929","Bed reveal send","8022.13","true"
"1930","Break cost everything","957.08","true"
"1931","Grow laugh always","2195.95","false"
"1932","Again deep stuff","7081.55","false"
"1933","Big order down","9883.10","false"
"1934","By should","6609.18","false"
"1935","Suggest hundred knowledge","7963.91","false"
"1936","American thought go","5308.58","false"
"1937","Nature among","2296.61","false"
"1938","Government run high high hit","4393.58","false"
"1939","Doctor like","7478.44","false"
"1940","Tax wife race politics","4137.35","false"
"1941","Air organization hot","8943.55","false"
"1942","Expert market","9073.14","true"
"1943","Traditional since benefit near","4163.86","false"
"1944","Often by every people","9844.21","true"
"1945","Shake several physical training","6318.35","true"
"1946","Different wind chair","4085.37","true"
"1947","Manage section require","1651.13","false"
"1948","In attorney raise past upon","4857.07","false"
"1949","Bad care approach own military","8540.97","true"
"1950","Energy actually son listen federal","4042.66","false"
"1951","Line wrong often class degree","2434.65","false"
"1952","Home few individual child","1058.73","true"
"1953","Than hair many dark western","1344.45","false"
"1954","Only although boy involve tonight","8767.60","false"
"1955","Much even begin","7822.56","false"
"1956","Require risk chance","6660.12","true"
"1957","Police treat ahead candidate market","5549.03","false"
"1958","Community pick between","5415.74","false"
"1959","Them film avoid organization","3930.32","false"
"1960","Civil son","8782.62","false"
"1961","Dark could ok eye","7063.99","true"
"1962","Return best me","1170.44","true"
"1963","Behind usually agency","5640.13","false"
"1964","Respond seem identify old","1670.83","false"
"1965","Full prepare","5500.40","false"
"1966","And outside present","7188.67","false"
"1967","Ten rather contain relate","4571.69","false"
"1968","Collection later recognize","3578.35","false"
"1969","Contain art wide","8720.08","false"
"1970","None deep natural","7204.33","true"
"1971","Put dinner notice must","8811.49","false"
"1972","Could good","3167.22","false"
"1973","Open important","7947.18","true"
"1974","Article so difficult","1914.34","false"
"1975","To black","4294.13","true"
"1976","Travel today seven lose","1205.08","true"
"1977","Hotel owner pick","8479.58","true"
"1978","See Democrat participant PM","4233.55","true"
"1979","Evidence president thousand put eight","7158.10","true"
"1980","Enjoy to win","9241.88","true"
"1981","Nearly least share","5463.40","false"
"1982","Forget region","4316.97","true"
"1983","Need machine now","2343.20","true"
"1984","Stop significant sister","4112.44","true"
"1985","Bag under whether then weight","1234.23","true"
"1986","According effort full bag","3123.05","false"
"1987","Pressure local north discover apply","3900.47","true"
"1988","Else she chance maybe","1819.00","false"
"1989","Office effect end","5920.47","false"
"1990","Partner establish TV issue","6814.05","true"
"1991","Amount score","3511.30","false"
"1992","Above visit","1720.77","true"
"1993","Them factor open","5814.35","false"
"1994","Each else any","1678.34","true"
"1995","Month turn especially","1858.23","false"
"1996","Four event idea knowledge","2058.53","false"
"1997","Born work second","806.32","true"
"1998","Key style exactly","1041.58","false"
"1999","Black technology may","8866.56","true"
