"0","tamaramorrison@hotmail.com","pbkdf2:sha256:260000$12b77q8nq052idsT$9b89d79511dde33eae53b554849aaabf0310d9bfb0a4f823b593a3ae8f8ae5ee","Gary","Cross"
"1","martha10@hotmail.com","pbkdf2:sha256:260000$jzAUFWtL4KATzwq5$e010a0f10ca5d0fe6d96875b7dfa83c9d59e639253b4e1207d1e05297e587441","Denise","Thornton"
"2","deborah64@gmail.com","pbkdf2:sha256:260000$KmRYGp7FkzJP7HmR$f8a793ad27bd1cc940e0af417c5de9e6708048fa74488009bd2368e2e7acb40e","Jeanne","Green"
"3","franklinjames@yahoo.com","pbkdf2:sha256:260000$2w3rNQrUaSmKYP0C$81f37c69b2510e970f3f80a68c08f567a783f03f3a3b5acceeb893efadf42d8c","John","Hoffman"
"4","samanthasims@yahoo.com","pbkdf2:sha256:260000$HgoqFyD2KGrJ9itN$1523b20c3e285e2ad039d428466895dd1c5b0ac1456be72f2a31783531553578","Timothy","Parker"
"5","taguilar@hotmail.com","pbkdf2:sha256:260000$aMRNUV0dNYbnoWnT$fdda7be54e2eeb49d636936d10bcbe66b727834476ee8ff5861491e85c2c7c81","Linda","Freeman"
"6","georgedavid@yahoo.com","pbkdf2:sha256:260000$oVEYFVk7SadZaWRo$4c08c23751fb8f103789bb305aafa0b93743cb24e0f9bf97c66b817d7c34e415","Sandra","Brown"
"7","chad50@yahoo.com","pbkdf2:sha256:260000$gKM1McAesXXlgjne$29d9c230af3bffd96026345791f4f0f1cb67a82482194ae2d8c66f7c745a723f","Paula","Wilkerson"
"8","jyang@hotmail.com","pbkdf2:sha256:260000$fOyspbfY4TW7GsS4$0d0878aabfadb996cfe9447d2097f1a871bea07114bdf179cc9d9071455a7cde","Willie","Garcia"
"9","bramirez@gmail.com","pbkdf2:sha256:260000$6cMkFKfQGpyU0qnN$9684e8aea902b48b782b3d885f62c167056a09c0e54222895dfde58554378225","Michael","Montgomery"
"10","kellypeter@gmail.com","pbkdf2:sha256:260000$zoo033FYG3fqhibX$43c6e7cbed6310234d85ecb1e921ada9b7a6928f3cce743dcd58f37505de9668","Melissa","James"
"11","tarasanders@gmail.com","pbkdf2:sha256:260000$aOOYg8kcU1DtfY46$8cf64d35430a06baf318752566ea89072119377d791bef54c59eb2848009f5e6","Lisa","Bush"
"12","virginia18@yahoo.com","pbkdf2:sha256:260000$L6QHYcxDCrlpHYTD$44737fce89ae7ba2b20e64dd4d345274d25e4a7913b44e586f2a2dc998f9ad19","Bruce","Miller"
"13","jensenanthony@hotmail.com","pbkdf2:sha256:260000$g6OAuLU5We6Vxyxr$e560d404868029ee895c4a310a877b84f23c167b710f95027de16e7ca63df06d","Mark","Burnett"
"14","kmalone@gmail.com","pbkdf2:sha256:260000$lQRj5Cfk2R9a1HtZ$60cc8cd2c7738a15b53ecf0238f8f188f9fadb9767fd31816754cff5fddcce40","Courtney","Valdez"
"15","kingerin@hotmail.com","pbkdf2:sha256:260000$eDPhnq62Sxq9eEsu$d2e10c81c6d654679c1b484a67b873c4aafdfc65741dcb7e6ed2d81ccc1d4131","Henry","Moss"
"16","meganbrady@gmail.com","pbkdf2:sha256:260000$IzcwEpLQYPV18yAx$c5aef9f94350cdc8ae2585b03a248305afa0c545d01d9f4b521672b0baefe486","Amy","Fowler"
"17","kgomez@gmail.com","pbkdf2:sha256:260000$0sgngnAqtXrtB213$1f04f4053cbb09e1f31d6b3f4f832e2ff3028a7981840047c8cdcfebd1305b8a","Tammy","Reilly"
"18","thomaspeters@hotmail.com","pbkdf2:sha256:260000$Plo7zblEqEkIbUNe$188a4636a7fb69b1866cc5fd76f90b30dd2b4ce4e520170d95c0a40de8a64dee","Robin","Harris"
"19","susan06@yahoo.com","pbkdf2:sha256:260000$uxuqxZY3y3LMFlSL$91e306b7cb635af1dc99c2f0a461599d52eca60c7d05f2fbd0110a4740af1138","Jared","Vaughn"
"20","william86@gmail.com","pbkdf2:sha256:260000$vYKlMPBOnXzCyNvF$047ac0e221a41b1c02d499465409fe106eed639b02dbae98d11557ccfe920149","Lauren","Mcdaniel"
"21","michaelanderson@hotmail.com","pbkdf2:sha256:260000$mFSpiEK6Q5Ej2x8E$b4079f6751a740eaf40165a31a7391d8ec81067f535ce0b1f7590264a389dd70","Brian","Richardson"
"22","deleonwilliam@gmail.com","pbkdf2:sha256:260000$pYm8JtVe4jQfltkZ$8feabb325ec9ef9f85db66e5cb80111cb3e0f034b2fa101f51bd3040edb0a96d","Maria","Harris"
"23","joshua07@yahoo.com","pbkdf2:sha256:260000$QpgtU5DRonJb5cni$39b40e6b9d2706125d135b9d86d8d7e51f881caba8f3f771a1b38d9f3c2d74b0","Heather","Davis"
"24","leonardsutton@gmail.com","pbkdf2:sha256:260000$407seDH3LXPJQ8cO$6a9bf4b942a7f71675ab26a02f725f3dd2efc5be7f90a4ef020a176875aaad7e","Patrick","Spears"
"25","hromero@hotmail.com","pbkdf2:sha256:260000$YAZap71f90Hw2bKG$76fb42d87c2963a2b0a1cb64111e28af4dbb5c79541f2a631a21b2023d6b346e","Debra","Aguilar"
"26","angela30@gmail.com","pbkdf2:sha256:260000$Lq9oLEX8qMrBOvHx$3fca4f5a92a423c3a9764c24a6353ae3c00d3e1e7f08999d64846ac3a7c1b3c7","Cody","Crawford"
"27","ygraham@hotmail.com","pbkdf2:sha256:260000$3YTSEGQbde4sdsYT$60475a574d9037ca22f73f8009b5824b3d31be8aa1aa424d05374d5302d89234","Cynthia","Faulkner"
"28","millerlori@yahoo.com","pbkdf2:sha256:260000$kcB5eqK7lK07GjXF$a83d040a3cd585d66cae8bdb602bc8b396c041fc4a7802057969e531ca53f8c9","Kelly","Casey"
"29","pmartinez@yahoo.com","pbkdf2:sha256:260000$tt3J3N8xQnxVlOUg$e0dd7f87841b4b3a5ecfef589bce45e147a9968181df2371f05c533e40c1e7c4","Thomas","Patel"
"30","stafforderic@gmail.com","pbkdf2:sha256:260000$4RDsI3PV6KDP7w0A$0d7a8c54366505a1a7e1fea40b0b7e0edf6f854ab9cabd49f0fbfa3a842e777a","Johnny","Martinez"
"31","smithsabrina@gmail.com","pbkdf2:sha256:260000$oUNkL18uamPRySp0$51defd6c1b459d01fa0ef0fa5afad1d3781520f50147e9c29a7a91ba58aa6eed","David","Turner"
"32","rmiranda@hotmail.com","pbkdf2:sha256:260000$8qPdV6DcAXrgz5Nz$be133cc3c93e63ca014a5fb06ca02272b37f2fe7db13a103754146c149de776a","Evelyn","Hendricks"
"33","millersamuel@yahoo.com","pbkdf2:sha256:260000$OMMyKARh8kKLmLM6$23a1e2c4bc2cf9b9d810d44eddec0802fce241947b0734d8a9b9914f4ae13205","Paula","Walter"
"34","cherylstewart@yahoo.com","pbkdf2:sha256:260000$SoXcqux20XHfsPwB$77b3474ad72114c63fa7e132bef904ef951dc9a016aec684106861cda4ca5f64","Derrick","Webb"
"35","santanajimmy@gmail.com","pbkdf2:sha256:260000$zxWAGyXauoa6PoSS$1d3c1e43aee11bf4d3d3dfc3bd218a3ed109a99e751ba44bdfa752880ee2f831","Patrick","Graves"
"36","stephenbeck@yahoo.com","pbkdf2:sha256:260000$pxG7Uvux3qiW6nOS$5d5421907991dfa17780867760803708cd51549d5890ba90ad43b7eafd520258","Leah","Bell"
"37","palmercassandra@hotmail.com","pbkdf2:sha256:260000$wxCf85ZRu7wPOtb6$eea82cbb9d9ae30b041a6f21453a798f9085ab111fe2dda4755fb90badfe7dba","Dalton","Fritz"
"38","alisongreer@yahoo.com","pbkdf2:sha256:260000$JWsMtN9RStT67Bnl$377e6adb8b524dce64bd184efc0c4e52503660b4ba846e318ca434f40e40a45d","Madeline","Stevenson"
"39","jasondavis@hotmail.com","pbkdf2:sha256:260000$fCkil4vpQvhmQGIU$2d07a0fb70d2f0d7ce1e5bf4062e29528c8379ac8c62ea43816bd49e2df461b0","Valerie","Charles"
"40","markchan@gmail.com","pbkdf2:sha256:260000$Nq4cXgvi9mHfL0sz$ac6d13e0b29ebde221c35ac7128e1465336e1da1db8098f288cbe31295278a64","James","Scott"
"41","castroallen@gmail.com","pbkdf2:sha256:260000$VrScap9LCwR75g2o$9f5d7f8a3cf62cddc365394a57c829719e06b75ed13cd41674bdfb34541e796a","Jennifer","Garcia"
"42","caleb01@yahoo.com","pbkdf2:sha256:260000$MJIHI0P5oNxQnwxH$2e7db378106bb9bbd8342f2c88329c4f43a473899211dd956f5ca23b3414e991","Keith","Jones"
"43","guerrerothomas@hotmail.com","pbkdf2:sha256:260000$6elY1qs7e9Ogo1Z7$669ea7522f3dd011fefeaff5dfb3c7075df747517be27edee84b055c53668e78","Lori","Moore"
"44","allison58@hotmail.com","pbkdf2:sha256:260000$MGqNnaP1uKEMkgmw$c90d9780e3cfd3f59ad99e9f5dddb958cb788137dc3e4841bf5216d53fd826bf","Ariel","Freeman"
"45","jeremy24@yahoo.com","pbkdf2:sha256:260000$fQeX2IptvxlxW5LH$410406ac46a4a6c68b34f0cfb24e8f13b5b01efabd02845817829e4ae42d0d86","Randy","Bernard"
"46","johnny46@hotmail.com","pbkdf2:sha256:260000$T9S9aw8ykF2MJN4y$470f552c9bba124f44a0c0887281eb77485b54015ce23ccc382d8e88e4eff1f0","Timothy","Kerr"
"47","james07@yahoo.com","pbkdf2:sha256:260000$oTbPdRU52UdURi7C$dde5cf16e995c66678e3893e01ce0fb299e8a829fdec159644057da1c795a0ee","William","Crawford"
"48","marquezpaula@hotmail.com","pbkdf2:sha256:260000$cAFuraJUjlXmPsOI$5967db20779498bc9689d0869d542edb753fd66943b683170f4e29e745b484fd","Jonathan","Davis"
"49","josephmason@hotmail.com","pbkdf2:sha256:260000$hxXrViU7ZC9COGS3$795b6827832a053a561ab046e6d7786ea47af7facb6f3f1d5099732e57e5a53e","Kathryn","Noble"
"50","richard56@yahoo.com","pbkdf2:sha256:260000$emOjWJSAgLUswmkM$56c752a4faac23464b4c8f8e2bba20c57199bced5478a36acbe1c82adb89d92e","Daniel","Cortez"
"51","fosterbryan@yahoo.com","pbkdf2:sha256:260000$H0zjoik5ZnlUicMT$55a1b704be626e6d4902e67afe9f365c34848b756454d0023e36f2fda5dd23f1","Kenneth","Boyd"
"52","anthonyvincent@yahoo.com","pbkdf2:sha256:260000$6JwGHlWWZ06jVawP$ccb2a1b11a71b08122c9b2ac8a0fe9fc4fa21f2ac8a4bcb0f608b46037afdee1","Renee","Moore"
"53","sawyersamuel@yahoo.com","pbkdf2:sha256:260000$LwXXZTdPOa3sEkKR$8aaa723fff69836511a3fb99b32c250b9214a42eac3d7507af56d182d7946019","Alyssa","Farley"
"54","gstone@yahoo.com","pbkdf2:sha256:260000$Bezjs1N8B6teB78V$616292227b7d2b82ab9c9d9a073a1e8f070c77ab0f730fee9b27f4018120e8d9","Alexis","Williams"
"55","kevinflores@gmail.com","pbkdf2:sha256:260000$CkzuVeirGEx6IcoG$85135d11e03ee20456cea817228da3b42d8e3558797a1a275a679b8622cdc24a","Jasmine","Castro"
"56","gordon43@hotmail.com","pbkdf2:sha256:260000$IlKUO2TGVGuObXse$f74cba5a09f6b234d15731f4593ee7e5123bd01ab1ca78fc82b3704b59520e9d","Joseph","Williams"
"57","kennethwashington@gmail.com","pbkdf2:sha256:260000$I1MTSnWS8qo6JziK$0422cd79f1b7e969625d001d627bfbd453a6791d4be5ce3755f1884d8cb35b05","Jennifer","Marsh"
"58","hamiltonchristopher@gmail.com","pbkdf2:sha256:260000$hWHc96cthrC3xd1A$232591b749b67656c1c865b54ae3a452423290bb4550092f4b66323698231614","Anne","Michael"
"59","nsmith@hotmail.com","pbkdf2:sha256:260000$QmuSdaek7PV2w1KX$0334f6709534b935be3c3aa23b2ac9dcb259699001bb63ae7342b3ea068e7050","Joshua","Duke"
"60","jennaarnold@yahoo.com","pbkdf2:sha256:260000$UdPZezXDW78emfuc$1df5fe20f7f82bcc116c16637c4d99c4a5dceaa71d863f927c45dbfa3377ba3f","Susan","Turner"
"61","scottzimmerman@hotmail.com","pbkdf2:sha256:260000$FisXYaZYr6ouuS2H$84640a452738eaa50449fa2afdda5ce04bb8484650ee13159934d235ac69937e","Julie","Dominguez"
"62","bonnie89@gmail.com","pbkdf2:sha256:260000$EAqJDtEdZhYmDYBU$dbd893024699a45b44b30117d7271b86b7e614729005f3455dfe88693bb534e8","Dwayne","Osborne"
"63","cindy30@gmail.com","pbkdf2:sha256:260000$tQLQjk2XEm1ND2kK$c9bc392317d17e490e673c1e852a10c23bd2f1a0273fb977c96411451feefd41","Antonio","Thompson"
"64","qhenderson@gmail.com","pbkdf2:sha256:260000$ahqfR8txMUjRmvNF$d636f47803af86f2a0a4ece9a73944feaf7543e94508c4e421cbccaaf014f6d7","Yolanda","King"
"65","nancyturner@hotmail.com","pbkdf2:sha256:260000$WKL5NcnXQbv9WIrI$bbfeb7aec0ee202d90cdc544ec0002c9538f68ef46b244005e0e8ef3778bba3c","Richard","Woodward"
"66","bradley51@hotmail.com","pbkdf2:sha256:260000$GJGvUSXuTRQ8WQYl$554d27425bdabcc5bcc1b3ae0b9202201f48e77f09e2a8786597090f38849ccd","Jeremy","Costa"
"67","matthewpetersen@hotmail.com","pbkdf2:sha256:260000$pYZ4Pap83y2xr9tr$d5b47841dc5edfb7468bcfb8b40ab50846f67d523e4e9f78357a6cf4556d819b","Robert","Dunn"
"68","uhill@hotmail.com","pbkdf2:sha256:260000$YCMzKrJunpkWRsfg$2f2d637e5dbf30b066eec1f29c79070645b9be1e9058a29bb0dc1cbb3fe500b3","Tonya","Andersen"
"69","lisa79@yahoo.com","pbkdf2:sha256:260000$a6QFNc04AFg7ZRnw$1d2a9b6b6b3f1a7aef5e05f2788613134d0f95f796354ea0456c153db89d63a0","Stephen","Bernard"
"70","richardsonjerry@yahoo.com","pbkdf2:sha256:260000$yQybTrd87PlvEwVg$71182d8d1f4eb590d0635e8d5af007d55a3875055e1f3d90f33fb3c1b530304b","Amanda","Gonzalez"
"71","jmcmahon@gmail.com","pbkdf2:sha256:260000$8bTSG1FOM5bcXGEr$1ccf24dff77ace6aa7bb9d3cbf0bd98ed763a1cb7f25e8b79972b14ef2d1b0b1","Jimmy","Walker"
"72","wrightkaylee@hotmail.com","pbkdf2:sha256:260000$b625QnXQ7kx8Ek4E$c19f027c500a7f21ceed05b6006b69678ea4788980af8f29db9b6da85e99d718","Austin","Holland"
"73","danielbernard@gmail.com","pbkdf2:sha256:260000$t50FoqzfQvbWg70Y$b32df85112020f423c4cc8556e4f202567f00932fe9078a39fd4fa5a6efcc7e3","Molly","Fuller"
"74","wbrown@gmail.com","pbkdf2:sha256:260000$xru5mvsgoCTAvUxN$2d0c50008b72e8cccbe1bc7c7507592e7da4f6bec197388e5a12aabc99536232","Doris","Kaiser"
"75","ofernandez@yahoo.com","pbkdf2:sha256:260000$0XPnb8ZdCtLwkQ6F$f4f285282df47db5d8643fec94b9e9027eeed1fa4599d3fd27b2d4db02b692f4","Tyler","Curtis"
"76","conradthomas@yahoo.com","pbkdf2:sha256:260000$RCvp99DK7NhLvfZj$9db4941246a25ef035a0dcf3a65eab6f08777f23509f255543de86255617504e","Angela","Tucker"
"77","savannahsoto@hotmail.com","pbkdf2:sha256:260000$tehMgwU0fEWMBGhe$354558dcb5cadd51bd328ed9ba3a60acbf190e915bf47ccf9b1070759e4f2081","Robert","Gould"
"78","debra49@yahoo.com","pbkdf2:sha256:260000$mxwLIBNAw6Pd5yDl$423a0e4b78309a18e2bc64b64a19334e6a4d4253e7d7229e3536852662b9cc20","Cody","Morris"
"79","edward63@gmail.com","pbkdf2:sha256:260000$rzWwZAjwzrMyoWx5$285e2a1b07505b20d14fc32ef398399d434961c490d3ffdd9adbccbcc8455360","Valerie","Jacobs"
"80","deborah77@gmail.com","pbkdf2:sha256:260000$8POpLQ5mSUuV92wX$d5abdc7bcf75b67681bbf0919b5e4c7de4029139d10ca327d9dad8ba48b5f6dc","Deanna","Holt"
"81","opoole@hotmail.com","pbkdf2:sha256:260000$rdjISVPFGY6Zo9kI$fbe7cdaf3dd9f6d7965fcbf9a3b7246c5821de39dc3d7df6e2ac196feda124cf","Larry","Palmer"
"82","dwells@hotmail.com","pbkdf2:sha256:260000$S2HpJ3pyKHXIfmBc$7f4952bdc48146dcc4a6392edd538d63edd98e5fde4ecba5139dad5410435463","Kristina","Higgins"
"83","qstephenson@hotmail.com","pbkdf2:sha256:260000$79AwWQ7FUJH7Ifk0$e2f5addc8d3896f1cb25bf16c816508c01055d7eb1750614222d354fae468b0e","Shawn","Matthews"
"84","jeffreysmith@gmail.com","pbkdf2:sha256:260000$idTk7CQlPaw30Qb5$d13964449a2a162ba6ef05a8a8d35cdf1759b56cd0f1c732578710b3a223b436","Samantha","Parrish"
"85","marydaniel@yahoo.com","pbkdf2:sha256:260000$W87bCCQa4lY4dn6O$7f874c076e734d5dfef7225589cdc70acb4f1e8407ce2a422d60d1655d94fec7","Tonya","Jacobs"
"86","jerrybrooks@hotmail.com","pbkdf2:sha256:260000$8QzaCBynPTplbJgF$b0e2acb682565963c951508f226bda22265d4d38803ba30504db69b407f058cc","John","Beck"
"87","mcbridemary@gmail.com","pbkdf2:sha256:260000$MpxZgjFIXfEyGffB$407325532a3636f516d6072f8c3c995190cf21ae0dc3cc89850797e6d6970923","Laurie","Underwood"
"88","ycolon@yahoo.com","pbkdf2:sha256:260000$kYnQkAFSA6hczTHE$0e8a923b722b7e4adb837202b0d0230fe9365771464f3a10a87fed0c89843305","Linda","Orozco"
"89","michael74@yahoo.com","pbkdf2:sha256:260000$YrzfY9WW62iVH5IM$41725273dd555747364125c82e56e20e9633474ba4c3dd91b4900efae21abab6","Kimberly","Park"
"90","dillonwest@yahoo.com","pbkdf2:sha256:260000$QlQ9Rss2Jfq9TvDb$763b0753ee0c92517f7b50d32041833d945a1672f5ef1b896c76652c89279a31","Cynthia","Lyons"
"91","sarabender@hotmail.com","pbkdf2:sha256:260000$H6hVaEoorwCC3siM$fb3a0b33004857dcf496ea0bc1cca0d4376c1e3ad0771671da15de98601f2a1d","Daniel","Hall"
"92","jeremy83@hotmail.com","pbkdf2:sha256:260000$kmULyKBt08wYobnf$8e7af8ebe7d1914d7923100674b8fbd26da393f6c6e77e4d3fc9322cad416654","Spencer","Duncan"
"93","jonathan73@yahoo.com","pbkdf2:sha256:260000$wR3VaWlqx32C2yfh$22233ddf06668a4efa66211a18bbc2d329e8b2302768a4c8cd65edbe82189ee8","Cheryl","Acosta"
"94","alexandramitchell@gmail.com","pbkdf2:sha256:260000$RktEBa1bCKO1tIrd$7cf22e51aa206bcba064591a8af8d8ff17aae78fefa3fab7e12ff5a59c718a0a","Matthew","DDS"
"95","mathew17@hotmail.com","pbkdf2:sha256:260000$XsboqITull3h2FzF$2618e3f391ab04840c8621bb020efa4c2491d7f4a7a8fcfb72cd80b3f64cfc48","Angela","Peterson"
"96","pgriffin@yahoo.com","pbkdf2:sha256:260000$K32CsJxnsRaL9Ozd$a9d86eec993316781c8f3a729f33f4642c42af5029ce393b85e4f8a3a2b15fdf","Adrienne","Friedman"
"97","kennethwilliams@gmail.com","pbkdf2:sha256:260000$dNqKPOlEIiPsD8x0$96a35ae56983d0c6a5a99c786a149bcd3a0cbadd41c47312e7507ccc3aa6f4b8","Donald","Thompson"
"98","shawnharris@gmail.com","pbkdf2:sha256:260000$kWVGfelFkrtEMD5e$94d3e7e77dd40715a354c524c439aace7d241a87b2b5e236a29282a1cbc7ade9","Bryan","Scott"
"99","danieltucker@hotmail.com","pbkdf2:sha256:260000$x7sG48t84Z2n5tAB$8d58c8188142366e8a41af9894a099c56ac5324ee8a4f7f7647ae7084cda43c4","Jessica","Miller"
