"0","opportunity"
"0","my"
"0","in"
"0","without"
"1","study"
"1","opportunity"
"1","in"
"2","my"
"4","guy"
"4","see"
"5","quickly"
"5","see"
"5","guy"
"6","one"
"6","study"
"7","my"
"7","quickly"
"7","study"
"7","in"
"8","guy"
"8","opportunity"
"9","see"
"11","guy"
"11","themselves"
"11","study"
"12","study"
"12","see"
"12","one"
"14","one"
"14","quickly"
"14","see"
"15","without"
"15","themselves"
"15","see"
"15","my"
"15","study"
"16","my"
"17","quickly"
"17","see"
"18","guy"
"18","study"
"18","quickly"
"18","in"
"19","study"
"20","themselves"
"21","study"
"21","themselves"
"22","opportunity"
"22","see"
"23","guy"
"24","study"
"24","themselves"
"24","one"
"25","study"
"25","themselves"
"27","quickly"
"28","guy"
"28","quickly"
"28","see"
"28","opportunity"
"28","without"
"29","study"
"29","themselves"
"29","see"
"30","without"
"30","see"
"30","my"
"30","one"
"30","quickly"
"32","study"
"32","opportunity"
"33","see"
"33","study"
"33","my"
"33","opportunity"
"36","themselves"
"36","see"
"36","one"
"37","one"
"38","guy"
"38","opportunity"
"38","in"
"39","see"
"39","one"
"39","without"
"39","guy"
"39","themselves"
"40","see"
"40","themselves"
"40","opportunity"
"40","without"
"40","quickly"
"41","opportunity"
"42","quickly"
"42","in"
"42","without"
"42","my"
"42","one"
"43","one"
"43","guy"
"44","opportunity"
"44","one"
"44","see"
"45","opportunity"
"45","one"
"45","study"
"45","my"
"46","in"
"46","opportunity"
"46","guy"
"46","see"
"46","themselves"
"47","quickly"
"47","without"
"47","guy"
"48","in"
"49","opportunity"
"49","in"
"49","see"
