9999990,"cats@gmail.com","pbkdf2:sha256:260000$1r0Oq5S6Ab5bCHUw$4ce9afde0993fd52317a8bc9b02ed2fd0c0a20affe15cb0a26248937c787a29c","Cat","Enthusiast",,10000
9999991,"max@align.com","pbkdf2:sha256:600000$x96GcOxbeLZNVic1$5210e1a4ebd5182b9100e05930e9b049b188d8d39befd7ff873c01072dfa3c54","Max","Lin",,10000
9999992,"ben@align.com","pbkdf2:sha256:600000$x96GcOxbeLZNVic1$5210e1a4ebd5182b9100e05930e9b049b188d8d39befd7ff873c01072dfa3c54","Ben","Li",,10000
9999993,"jamie@align.com","pbkdf2:sha256:600000$x96GcOxbeLZNVic1$5210e1a4ebd5182b9100e05930e9b049b188d8d39befd7ff873c01072dfa3c54","Jamie","Tan",,10000
9999994,"caroline@align.com","pbkdf2:sha256:600000$x96GcOxbeLZNVic1$5210e1a4ebd5182b9100e05930e9b049b188d8d39befd7ff873c01072dfa3c54","Caroline","Zhang",,10000
9999995,"rally@align.com","pbkdf2:sha256:600000$x96GcOxbeLZNVic1$5210e1a4ebd5182b9100e05930e9b049b188d8d39befd7ff873c01072dfa3c54","Rally","Lin",,10000
"0","tamaramorrison@hotmail.com","pbkdf2:sha256:600000$F26ZFD8EbljeApIh$6cfbe193fcea520f6bd3e1b26ea12180f61954c8ca593e8cad41932740edd12a","Gary","Cross","https://picsum.photos/500/500?random=7291","86.38"
"1","stephenschristine@yahoo.com","pbkdf2:sha256:600000$BY84LEsYFVwvs6Os$e45db51e7b9f8130acc064e381140f92b5947f7c794b9f587efc8d5c5c91ed7b","Madison","Obrien","https://picsum.photos/500/500?random=3619","133.86"
"2","hensontroy@yahoo.com","pbkdf2:sha256:600000$XY0bSvhACV6600iF$b27e562b825403966b761f772d6d1b3dc6d430f42b0206c0e39ea344887f9e72","Ronald","Miller","https://picsum.photos/500/500?random=7650","123.97"
"3","kimberly00@yahoo.com","pbkdf2:sha256:600000$KSmJ1nUrTJcPTsJf$ade5a294b0de79902aa768d238719443ce1a3eb10efb70b3f8b08b2e8aecf611","Melanie","Grant","https://picsum.photos/500/500?random=2449","79.75"
"4","ryanhoward@gmail.com","pbkdf2:sha256:600000$WT1LTiqScc5nB4Dj$af2f3f8c2c1d042b453e018ceaeae084c2e25ad3bf658ccb36e11f51d7b2e351","Jaime","Villegas","https://picsum.photos/500/500?random=453","172.58"
"5","melissayates@hotmail.com","pbkdf2:sha256:600000$hdUGv1EODq6fuDS1$4338284e07012617350e5ca9883525f344cf0327f966dbf1d3df0b40b4328c3b","Amanda","Smith","https://picsum.photos/500/500?random=2982","155.2"
"6","hhunter@gmail.com","pbkdf2:sha256:600000$C7nO36qetii4JHZ2$e7f99b6f58e386268c4ae7d30f222b6299e83ba658fa4f4873f586b87e040289","Shane","Becker","https://picsum.photos/500/500?random=9274","143.98"
"7","jack11@hotmail.com","pbkdf2:sha256:600000$4O9VhnUAd3cqAz3G$5d3407a49851abccf23cec64f803ac51fcdfdbe5321dd18127044e4d53dab420","Megan","Mays","https://picsum.photos/500/500?random=5043","68.64"
"8","danny48@hotmail.com","pbkdf2:sha256:600000$tBmRJHm88bckRfxH$75dafaee09d1f77f362cba4afff5f3d1881d68a3180b389ae45a7600eae58d66","Kristin","Watts","https://picsum.photos/500/500?random=6951","160.86"
"9","juliewilliams@hotmail.com","pbkdf2:sha256:600000$QglqM2VnpR9Zurs7$021692afc7e4d18568331da47468784c23bcd7836f2325354a25770062a1945f","Keith","Taylor","https://picsum.photos/500/500?random=419","91.64"
"10","jesseevans@gmail.com","pbkdf2:sha256:600000$lE4uIFU24cKenEQS$35ee634718bdfc9249c77ff7c097e97ce7e0f16c2aa6fef12be99b6b0811f113","Thomas","Wallace","https://picsum.photos/500/500?random=8391","147.85"
"11","bradleyvilla@gmail.com","pbkdf2:sha256:600000$WtzBLmctCqAlYabp$acbfc4fe95a31c97affae422e9f5a6f2ea63dfbc29f675b29848de64fd901e09","Erica","Bryant","https://picsum.photos/500/500?random=7552","99.36"
"12","emily35@hotmail.com","pbkdf2:sha256:600000$QYReccvPHZDrjpGu$4f27c36d8191f348a1f8d24132802463d286f557029547dc865b024da165bc5d","Danielle","Mitchell","https://picsum.photos/500/500?random=4700","129.24"
"13","johnsonbrady@gmail.com","pbkdf2:sha256:600000$x0NnscrgUwYLR8Pa$cce31badaff1f2668d2db9daf2345f926dab7d6cb27c86c5e28f8bbaf9d24799","Michele","Underwood","https://picsum.photos/500/500?random=5353","58.49"
"14","kelly27@gmail.com","pbkdf2:sha256:600000$sf1EqhHEXiK4ZGwH$efd0855518b852cd0c285b5adb7994579ea123c4af6e399e7c28f1c919175881","Stephanie","Newton","https://picsum.photos/500/500?random=5830","139.35"
"15","lramirez@hotmail.com","pbkdf2:sha256:600000$WeHZFW1M4K0DiZQU$d38df17b989a1b1a527ad03d7cba21963a038bb3275658600cbfb1722214918b","Amber","Moore","https://picsum.photos/500/500?random=1037","141.8"
"16","parkertravis@yahoo.com","pbkdf2:sha256:600000$ZCPMoSA3Zz2FTtys$b30dc46dbc3af49ca0e12aad4f34d0dca2519abaacb52ea2e79591adc283445a","Jonathan","Simon","https://picsum.photos/500/500?random=6520","110.62"
"17","kimberly87@gmail.com","pbkdf2:sha256:600000$gstuPDwgAJCFsguh$b14b9aacb8f783f79526ec9fcbdc5540f6626ae6a238e2458ba580e801bc911a","Kyle","Powell","https://picsum.photos/500/500?random=7354","153.63"
"18","morriskrystal@hotmail.com","pbkdf2:sha256:600000$fmXTVfWt3a7KGiBh$60565168092e9bcd0d1b1785e13e46e0ab3e899168b60a5c961a211e7c51114b","Lindsey","Oliver","https://picsum.photos/500/500?random=8127","72.89"
"19","kimberlynunez@yahoo.com","pbkdf2:sha256:600000$U2hcPch6zAGVcbQd$5fa5d56375f65e3d26be946605ad77346aa94b255ebf7cb1a3cc1701d7ed79c3","David","Perez","https://picsum.photos/500/500?random=434","61.88"
"20","michaelanderson@hotmail.com","pbkdf2:sha256:600000$1us3wgEVUjI33qTl$58e6580186d21962b03a1aa9a34d915b0aa64d95cd4702581d828077fc181a46","Gilbert","Jenkins","https://picsum.photos/500/500?random=2716","68.53"
"21","elizabeth32@hotmail.com","pbkdf2:sha256:600000$kFDyBzK9XHsXTE1L$e1ae4188348ea19d1cdea5c2afbd035d82a1c5e12d55065ad4374f510f37b33f","Madison","Pollard","https://picsum.photos/500/500?random=1277","96.45"
"22","nancy51@hotmail.com","pbkdf2:sha256:600000$McAvRd5NlRgDBbcX$12a9f6d4f5993bc64d334cdefc6399e8a6b61356862c4438d5abc656cf1e0fea","Troy","Hawkins","https://picsum.photos/500/500?random=3960","95.28"
"23","danielrobles@yahoo.com","pbkdf2:sha256:600000$0hOBOS9Ks8jaTlEs$b90738092bf642e4353e739448e784d248a079d0e8efd8875e5b7a313249bc52","William","Bray","https://picsum.photos/500/500?random=3830","162.45"
"24","griffinpamela@hotmail.com","pbkdf2:sha256:600000$Avk9cXstphJLxqCg$ac81649b84dc30ecf35b6859da99009b4eb593011f6e7872ba0c2e89a7786701","Melissa","Wells","https://picsum.photos/500/500?random=7309","171.55"
"25","qmyers@yahoo.com","pbkdf2:sha256:600000$JJ481WjSNzj1ZmGP$aced12bc3662e9a9b7b2270928396101a56d6f2b5bf95116db005e063ba28621","Amy","Sanchez","https://picsum.photos/500/500?random=7678","197.38"
"26","jeremy94@gmail.com","pbkdf2:sha256:600000$AKykGI1R1eQbuINf$3b98b6b658489bdca66118170d556cfe802be57db923e4a68b6f4f0dd7158f5a","Joshua","Jones","https://picsum.photos/500/500?random=2537","69.3"
"27","wendysteele@gmail.com","pbkdf2:sha256:600000$QcHNiEkonnPrW0BB$d2e32d286e6a850236075a080ab6289fe1bba5ac65d4cedbbf830c5510350f17","Zachary","Garcia","https://picsum.photos/500/500?random=3300","91.14"
"28","preyes@gmail.com","pbkdf2:sha256:600000$i5cY1zpBc7R3XNR5$501ae3bb8b0769c8e2d61da58922ff29fa9a1d8bfb0bcd820d1b4a62b1691394","Amy","Price","https://picsum.photos/500/500?random=1613","56.63"
"29","martinezchristopher@gmail.com","pbkdf2:sha256:600000$NDUB377ujFDrCG8x$b809c398c882146a2fb883e6b6a95ff4723c379d65970e8053ea0373ff28c786","Kristin","Ibarra","https://picsum.photos/500/500?random=1340","195.56"
"30","qstark@yahoo.com","pbkdf2:sha256:600000$1gR27fDOwWst2iDS$8444992f5e3334cee9dc244848787974508df800dbc89b92af8aa371459293d5","Eric","Taylor","https://picsum.photos/500/500?random=7475","156.07"
"31","waynebarnes@yahoo.com","pbkdf2:sha256:600000$v0fQT1DqaXcolBok$6160c241df4c8ed24d0daa8bd9f6b28ea72c4ed25645d4fb74dc1bb0699b68cb","Daniel","Mccall","https://picsum.photos/500/500?random=3098","109.05"
"32","vschneider@gmail.com","pbkdf2:sha256:600000$RyTuUu26bJ0O5h3e$cb5641dfc3b49cf8bc8b95fe873362ce86bf7a85a2b8a371c1b0f7d6ce5c977d","Brian","Kelly","https://picsum.photos/500/500?random=3429","109.65"
"33","shawna76@hotmail.com","pbkdf2:sha256:600000$BuMsJ5zsBzmV95aO$b9eb9a5e65ad40f3ea341d55cd6ae4775218a33659bb1c2f6d51636bfd3879c6","Jessica","Frank","https://picsum.photos/500/500?random=5230","184.19"
"34","vallen@hotmail.com","pbkdf2:sha256:600000$LuGpjKSZPgEYLyWM$dbb7b0eda34c45b20d8169f9d92e90d4a03cfb96c2259960e663a37d4cb284d4","Alexander","Gibson","https://picsum.photos/500/500?random=2400","174.8"
"35","andrewkramer@hotmail.com","pbkdf2:sha256:600000$cbh0zSW2qt99lsVC$bb09404228943ce8f6bf09bea8bf7cdc6b129a51d4cec033a1a6b3519c2f003c","Phillip","MD","https://picsum.photos/500/500?random=1499","177.66"
"36","stephenbeck@yahoo.com","pbkdf2:sha256:600000$OrPHtRRuA63nJoMG$4a2c9c42e8b424bf796f5c02e0ac27f895a5d530a1ba8a970d1cd13a93cc1ccc","Leah","Bell","https://picsum.photos/500/500?random=4512","113.66"
"37","sandygarcia@gmail.com","pbkdf2:sha256:600000$fi225PAFrVkgiP2T$89ccfcf6df96fd7090d46644f89f202701a7f52193994d77f1ab87f0d34611f9","Dalton","Fritz","https://picsum.photos/500/500?random=3200","109.11"
"38","nbaker@gmail.com","pbkdf2:sha256:600000$JIoNrTkcsKUSKtiz$c7217a9c7e1a5cf4d2afd2251df711d91ee34bf76eec2b8a468064b81a589eb1","Erica","Vega","https://picsum.photos/500/500?random=2283","135.78"
"39","joel44@gmail.com","pbkdf2:sha256:600000$9eoQpyxh5eeYbWCW$f5d8cdcdf1708352c9dd4306417108397cd4d659e41d58f445e7594a1fa62bac","Daniel","Davis","https://picsum.photos/500/500?random=2375","74.07"
"40","carolyn44@hotmail.com","pbkdf2:sha256:600000$xIBcZxxzLTSaXBDS$2b5614d814ea9b8c846949229113b50c80d8d538934c85db28e360b6f19efa58","Thomas","Alexander","https://picsum.photos/500/500?random=9141","179.15"
"41","bmorris@yahoo.com","pbkdf2:sha256:600000$YL3dZx3usX5noMoi$d511878a51b8e665839373ef6a304028bad9ae7ea91708d90894fa217052789c","Nathaniel","Perez","https://picsum.photos/500/500?random=4692","125.69"
"42","michaelcoleman@yahoo.com","pbkdf2:sha256:600000$8zFJ1cmNPLWg9qY7$28aba9f0ed347c3e3c0f4ff53daedfebaf0bf5b73676cde2e196ebabd1684c95","James","Newman","https://picsum.photos/500/500?random=1079","108.42"
"43","nancyparrish@yahoo.com","pbkdf2:sha256:600000$vtI2zn9nrp3UTr8b$5ab30b9759f34144e9bfc6a2652f243448863632dcdeea2c041d1f7499bb463e","Barry","Hubbard","https://picsum.photos/500/500?random=1332","86.93"
"44","denisetaylor@gmail.com","pbkdf2:sha256:600000$88MmcvyHjGx1LM2x$8d3db45e712baa22ae4101dd2ef6359fb19983437520bb67711c67e23995ce80","David","Steele","https://picsum.photos/500/500?random=8021","174.6"
"45","lindseyeric@gmail.com","pbkdf2:sha256:600000$OTNnjkkFC0tdBAPt$bb501c6ebcedd51362590cbfe6b88477b8174d73a7622fca4b1da77c6c0c41d8","Adam","Gregory","https://picsum.photos/500/500?random=3838","173.91"
"46","johnny46@hotmail.com","pbkdf2:sha256:600000$GUMDHy5s01rHB8Ha$2b52475d0ae3632edb43c4dc65b4404e173926552b293be2eaa5e5857c86e92f","Dr.","II","https://picsum.photos/500/500?random=382","68.27"
"47","taylorsteven@gmail.com","pbkdf2:sha256:600000$exqSte4j6lhwjTTN$9bd5591274e8554380eb41a6a5c0a8eda56847aeb7d300a61daded9ba118e655","William","Burns","https://picsum.photos/500/500?random=4232","79.98"
"48","thomasallen@hotmail.com","pbkdf2:sha256:600000$m25NsJ8jDPNBMWld$8b774fc1c29c12a97235c91427467ee29611d8a7b93abb324e65434c8b5967b1","Christopher","Guerrero","https://picsum.photos/500/500?random=4254","53.25"
"49","josephmason@hotmail.com","pbkdf2:sha256:600000$bK7zg72Rh3ha0MWT$ad584af40845c84269e35055b20d2e7fa273aaaafae72c2460c5fd0609849f5c","Kathryn","Noble","https://picsum.photos/500/500?random=1805","136.33"
"50","richard56@yahoo.com","pbkdf2:sha256:600000$bkbZAP2qc4MHHPMf$23af61c185dff4d712dbe3b8ff01f6511f0a0f3d31e45611239aa3866eeb7a05","Stacey","Rojas","https://picsum.photos/500/500?random=234","123.04"
"51","websterrandy@gmail.com","pbkdf2:sha256:600000$JsKDhGH8BY5m5rwr$e1f8261f4fc2bc89a16a3be8d8d111fbe4f756cfbaf88765ee27ac3880a94e93","Laura","Morrison","https://picsum.photos/500/500?random=5628","180.42"
"52","obarr@hotmail.com","pbkdf2:sha256:600000$KM2lbDFprcnZlb2p$0333024da8a1d407e526cf1bcc3214ec38f3d0e9be6c2cd855e06ec4f2cbec59","Samantha","Morgan","https://picsum.photos/500/500?random=7763","175.77"
"53","abigailandrews@hotmail.com","pbkdf2:sha256:600000$0Wer6eqLTM8QrD7t$2369f72658e6c626d04ec0b7c0e9e41f9cf3c7c43a56dbba5e697d8766b52284","Natalie","Galloway","https://picsum.photos/500/500?random=2464","144.64"
"54","santiagocrystal@hotmail.com","pbkdf2:sha256:600000$bbPql1Ny670U2aje$6272c6e3b5a6257537d261bbc8e18069b8c715de8311f4d1fee7cd7f85a9d195","Christopher","Berry","https://picsum.photos/500/500?random=8420","127.25"
"55","xhensley@gmail.com","pbkdf2:sha256:600000$b7KFz6UpfYS8a1k5$61e1ea3bd2a5373e6c77c32fd20fa668073829bed488b3bee95a37fa64346f8f","Angela","Rodriguez","https://picsum.photos/500/500?random=4083","106.87"
"56","carlosrodriguez@yahoo.com","pbkdf2:sha256:600000$bFt2EYTvTAYpvNOn$3e9a5b02f59606d91ea3e8e41b8ae22730ba9e3ac0cdb3f73f83c869541bd23f","Zachary","Conner","https://picsum.photos/500/500?random=4783","114.58"
"57","tiffany63@gmail.com","pbkdf2:sha256:600000$E6goeBS8RZ7p9IRa$7fe92c46a18bf61770a14f136dee8d045f14912f285e6ceafb80c6d7a51639ec","Michael","Robinson","https://picsum.photos/500/500?random=9520","51.02"
"58","davidlewis@gmail.com","pbkdf2:sha256:600000$QcTt0OMZ1uTJApSl$087fa52dcf3213baf77d90a437633779dbe7dddb24e537c79e2d68f46b80916c","Sean","Jackson","https://picsum.photos/500/500?random=2301","118.91"
"59","joshuakent@yahoo.com","pbkdf2:sha256:600000$8f1oqJMh1pSoIDxw$c7b1d2791a4d005dc478fbed7d6648308322c06683b80ef3d9d89af67b83b929","Billy","Graham","https://picsum.photos/500/500?random=4328","176.13"
"60","heathermarshall@hotmail.com","pbkdf2:sha256:600000$YfVAfyOBhrWGaM30$d3f494dbc44b2008f0720110b604ce704bedb3492c900af60438173e78f42e58","Christopher","Nolan","https://picsum.photos/500/500?random=6558","82.36"
"61","ricksmith@yahoo.com","pbkdf2:sha256:600000$7HGM8Vz4GJmahfnN$72dc289d1a8ca75ac274e22a9558e4d7f5e0602059fbcec79c624bec45fa9ada","Andrew","Mckay","https://picsum.photos/500/500?random=9233","153.65"
"62","richardharding@yahoo.com","pbkdf2:sha256:600000$KWyYdbUCEZJwU0Es$417e369e620f0d9dcd9a1a9d68a1a2afee0c806fcebb28f58f613a1ef6d32174","Christine","Moore","https://picsum.photos/500/500?random=6967","61.8"
"63","sharris@hotmail.com","pbkdf2:sha256:600000$RqyCx4iYzKdHrx1h$f2d808f0dd8ae239f5ff7181c8fa6f40ee3987c3ad1aea1d01ead90f48937fc3","Rodney","Harrison","https://picsum.photos/500/500?random=1700","55.57"
"64","jasonday@yahoo.com","pbkdf2:sha256:600000$Eps17mle6dGggsAn$1d0c8ab0a485aab5aaa4acf3eee4ec63b2a6f3e1e158637c03c3b9f65347c414","Jennifer","Contreras","https://picsum.photos/500/500?random=673","153.05"
"65","pharris@yahoo.com","pbkdf2:sha256:600000$jBLZdRuf3IVO43Rx$264cf5b02be02a59066659a560d1a366ba31fb6676fb6241ed63e239bf408163","Karen","Knox","https://picsum.photos/500/500?random=7848","112.38"
"66","gclayton@gmail.com","pbkdf2:sha256:600000$Zx4eMYF5weWKvrLt$632ab1802f1166a96446ed99671dc62b6f20e6ccba490575d28a7177aefbb957","Amy","Moses","https://picsum.photos/500/500?random=1993","64.98"
"67","sanchezsherri@gmail.com","pbkdf2:sha256:600000$9paUAlo4HbbMYMbv$c12c63a7368f7273f45cf31fe9ef4a0011d2c0be0fa9603a9d8cb22fcdfb9f77","Elizabeth","Nichols","https://picsum.photos/500/500?random=3488","90.1"
"68","ole@yahoo.com","pbkdf2:sha256:600000$2SuqtPww5l4Eq9op$33dea695e5bc11524002adf54ecfeb00d28ab85b249fa7e301a428ef30f21110","Alyssa","Hill","https://picsum.photos/500/500?random=969","140.29"
"69","colonconnor@gmail.com","pbkdf2:sha256:600000$TZH6HZi3VQZC6rlu$b7f24605bc263a286b3e09ace06859181740fda7b0140b042ca39866fd14c671","Cassandra","Martin","https://picsum.photos/500/500?random=5538","122.89"
"70","nancyadams@yahoo.com","pbkdf2:sha256:600000$Pe0FTd68VCus4sK1$61cb08e5e84497cd00e1ae4abfb0b298ae0df7ee4aa100f260d31398a8a5fb36","Tammy","Peters","https://picsum.photos/500/500?random=5803","124.86"
"71","kstone@gmail.com","pbkdf2:sha256:600000$R1yu7gViPAQkIfsD$3aab818cf5d744d0c0ce2458abb6357b97e95286964fc94e618641643fbd31bf","Jimmy","Walker","https://picsum.photos/500/500?random=8600","86.1"
"72","williamsrodney@hotmail.com","pbkdf2:sha256:600000$7EMa5Ix19zIWQMfP$ade438145015ee3dff134fe372e2db78297f239e65713b191a2d6f4523d10068","Austin","Holland","https://picsum.photos/500/500?random=765","127.89"
"73","hromero@gmail.com","pbkdf2:sha256:600000$dpCAxlZ53QdUtoFL$9b6786277d2163d6a409d1285f461f9be5f727634d3ec48c8b37e0f671c97170","Timothy","Peters","https://picsum.photos/500/500?random=6093","99.86"
"74","brownkelly@yahoo.com","pbkdf2:sha256:600000$7IrwrYB5hcLR9mf2$8ad8a2385af471cf73f3a24a03a5e203ea6511ce024be5185a23b8df0a6de539","Julie","Villegas","https://picsum.photos/500/500?random=117","62.61"
"75","diazfrank@yahoo.com","pbkdf2:sha256:600000$HyXlUHW0Y1jT4pju$eb33402c8115a605052dcedf252a9824bdb41a30f650e67d1055fae1c37e9379","Jacqueline","Brooks","https://picsum.photos/500/500?random=5565","142.2"
"76","qferrell@hotmail.com","pbkdf2:sha256:600000$uLZHcVqD32CMcQp3$d51091d22392b009097e95fb4bf099eb0c8a31673d101fa3a44074fd7da87867","David","Harris","https://picsum.photos/500/500?random=221","129.04"
"77","patrick19@yahoo.com","pbkdf2:sha256:600000$lZbwAnL59Jhvxl5v$94bbd45c6ca1ab1860fe8bb5f7162b4c21e3cee1f71602ff07fbf2c13d6a04fc","John","Coleman","https://picsum.photos/500/500?random=6500","128.86"
"78","brookeclark@yahoo.com","pbkdf2:sha256:600000$ozJ9tJ3D1mNPzOhR$0e7724ccc1f252676587b0f195d5838e9c846df6817a65a27cfcf9fadd588c11","Katelyn","Howell","https://picsum.photos/500/500?random=7166","101.91"
"79","kellywright@gmail.com","pbkdf2:sha256:600000$Pryy5fJmOgMOu1Hs$6fc741dace2cfef086e4dd54f46e41dfd4873c62b17efe6530b50e9bb005b4e9","Joshua","Jacobs","https://picsum.photos/500/500?random=3977","174.49"
"80","ppatel@gmail.com","pbkdf2:sha256:600000$yaVR5cl88b6unq7q$772cbf0a7b468c33517112da20c1b56f0eca32fcd0557943f881a2a731935347","Deanna","Holt","https://picsum.photos/500/500?random=7568","171.39"
"81","nicholasmorgan@hotmail.com","pbkdf2:sha256:600000$eP5ZxaN6xZnYLSir$cf3d8a5416284701ecac9b5fa84c7e9b90a4eb7544ed806340ebe8f45e51b9f1","John","Joyce","https://picsum.photos/500/500?random=223","135.23"
"82","dwells@hotmail.com","pbkdf2:sha256:600000$J9n6blEhRqoSx91Q$f7e684c82b200667cbbe878531027c4f00d2eaa180aff7b8ad19e47ad55080d3","Kristina","Higgins","https://picsum.photos/500/500?random=9981","178.68"
"83","wiseamy@hotmail.com","pbkdf2:sha256:600000$xaMoeTPOsaMFtlJh$3ed1f05c107f684f5b844e99889268d63311469a365b4427c5634354e77c2874","Travis","Richardson","https://picsum.photos/500/500?random=5591","160.9"
"84","hamptonterri@hotmail.com","pbkdf2:sha256:600000$8UoTkzkFiJvw48K3$30fa46e91cfd3dfdd663ad1dba839753490c0b2816017b3ea06c72854a1e3fc1","Jack","Stephens","https://picsum.photos/500/500?random=7603","175.95"
"85","randallshaffer@yahoo.com","pbkdf2:sha256:600000$TxBPdNXkClPM3pnb$2fa3f3ef71d3ac63ade7acb5610dcb8d0c9112bd4c091cfcb84b311adf394bf2","Thomas","Underwood","https://picsum.photos/500/500?random=9915","99.88"
"86","webbjennifer@yahoo.com","pbkdf2:sha256:600000$8OMnsUaIilDjVzCI$e2ca3a888f3a90d10b353e02a6573e49f28d36e84526120fb1f28cbe4ba2e1fb","Michael","Livingston","https://picsum.photos/500/500?random=5072","125.74"
"87","michellepalmer@gmail.com","pbkdf2:sha256:600000$DO7FQOkCdIMn66Va$53756fb3e1db7a15c541bfa54efb94715c1451867583d86e04dfc147bb5aab5b","Ms.","Miller","https://picsum.photos/500/500?random=6202","99.47"
"88","scottalexa@gmail.com","pbkdf2:sha256:600000$ryAGuNSUG8f2rLQY$d93bdbe26ca022ce33eee3d015dfd2134ed9ca221ebf7d6d6f746e6564c0466a","Diana","Woods","https://picsum.photos/500/500?random=7891","192.24"
"89","nmoody@hotmail.com","pbkdf2:sha256:600000$0Zw8gpCJKuXO1mqz$5e5a4d70eae96409bdece02a8f8eeb1f295ac04a015048c6bdf7e6b10db88a27","Jonathan","Huffman","https://picsum.photos/500/500?random=5179","77.46"
"90","robert50@gmail.com","pbkdf2:sha256:600000$goVYCXKZtj7ban9U$8510f5ed4a17cfc407154c7eb5604a24605b94b970114bc26eb655da3caec227","Richard","Davis","https://picsum.photos/500/500?random=641","55.07"
"91","elizabethyang@gmail.com","pbkdf2:sha256:600000$FDjvp0Ib48IhmNZP$0eaa49a77e8fadc88ef4aa152eadeb768a82ec33542eda76e5b62cfbbed45b91","Savannah","Miller","https://picsum.photos/500/500?random=67","169.13"
"92","linda77@hotmail.com","pbkdf2:sha256:600000$qS0YRJmdqk6QmJA6$fa0359642bcb62fec60eb76d02169852d410aee54cff8eaae7be99db64bae31e","Nicholas","Duarte","https://picsum.photos/500/500?random=9379","162.01"
"93","smithrichard@gmail.com","pbkdf2:sha256:600000$DtxXQqrZFGmcESoo$aa8635e4ad72cff3b8bf80e3b789b2ce9018f097b6c4d85a84872b2da9117e54","Deanna","Washington","https://picsum.photos/500/500?random=3359","172.89"
"94","yolanda44@gmail.com","pbkdf2:sha256:600000$nTwwyOlEi4f1kSMX$c30b7ef0292b45a249da967a3c9e00778fe4657733d8b5bc13af64e8c140293a","Patrick","Cox","https://picsum.photos/500/500?random=9581","125.46"
"95","jacqueline52@hotmail.com","pbkdf2:sha256:600000$8pPdu61fXYZNrvL2$e7330d3f36529e8fbdb595f1836b69c47b99d1313a1446b75d59eed8a1ff219d","Stanley","Rivas","https://picsum.photos/500/500?random=9485","193.11"
"96","jkennedy@gmail.com","pbkdf2:sha256:600000$aCCmFxj9EJK64AQD$7c64cbc151f951617f2c0d4dd72cc7167a94e9377f3f148912774b2e93f94701","Rebecca","Sandoval","https://picsum.photos/500/500?random=6554","51.33"
"97","jesseedwards@gmail.com","pbkdf2:sha256:600000$6TLPc788r1DhjyIb$9369bee12e9242ce320bd1ebf088284f383428efc9477ef3b84142479ee87a47","Justin","Anderson","https://picsum.photos/500/500?random=613","78.29"
"98","kathleen81@gmail.com","pbkdf2:sha256:600000$ig5YooN9xzFcrXZh$5af8c61d7f5125b773fda54cc406ace3d03fe128496b72b857aff34d3cb8d6da","Jay","Butler","https://picsum.photos/500/500?random=1104","134.45"
"99","jenniferthomas@gmail.com","pbkdf2:sha256:600000$AdpWPT8ugFvuW0T8$d2e74a1c3648a91de1c33ab4596241853a64163dbacb08e5df1cb4e85b55a64a","Jonathan","Dawson","https://picsum.photos/500/500?random=6727","116.13"
"100","stephen01@gmail.com","pbkdf2:sha256:600000$2XxagXvUqebB0c4J$0de94c5f05710790e681b411c4ec29486862c9bf395a2908f6a46542a5e3995e","Amy","Decker","https://picsum.photos/500/500?random=16","109.87"
"101","bradleysmith@gmail.com","pbkdf2:sha256:600000$asnPEFuM6ZTDDbRl$971e781148014e544289e2f697dfa64c15d04f0484ba1ff5845d5989fd1ee16f","Dr.","Jr.","https://picsum.photos/500/500?random=606","137.3"
"102","davidnguyen@gmail.com","pbkdf2:sha256:600000$gNwrtl8M2qq7RolF$d04881ef2ce727b096c04f4dec12e2d1c127920c3448c9306383b0d9481d2c87","Hailey","Beltran","https://picsum.photos/500/500?random=8319","197.24"
"103","rebeccasmith@hotmail.com","pbkdf2:sha256:600000$osviSLtLlqJMNLgm$322655fc844edbf253770e7d98d3e970f4ee91e1efdd82dd0ca3ade79922499e","Theresa","Richardson","https://picsum.photos/500/500?random=7666","119.29"
"104","rodriguezthomas@yahoo.com","pbkdf2:sha256:600000$6QzSlit2ShaJuHVP$4ec543c091aeaeff712bcfd96d237f2700f5dc626b5995e19220c656f761151c","Dakota","Stanley","https://picsum.photos/500/500?random=4173","127.03"
"105","david98@gmail.com","pbkdf2:sha256:600000$8G3eW7PrgpRxMgM3$62c25a660b75e93c548bd923d3849d4abb258c2b7eccc6af27725433dcba7326","Kevin","Clarke","https://picsum.photos/500/500?random=9125","120.47"
"106","jwells@hotmail.com","pbkdf2:sha256:600000$DNARWTx1QLnlJyJ7$ee74d3f7cddc95b74e51818c534f94f0993dc55eee673ef5ec0567f4f7dbb360","John","Moyer","https://picsum.photos/500/500?random=5970","114.62"
"107","erika51@yahoo.com","pbkdf2:sha256:600000$CnCUxATBEXuvXSbR$71f6ecb66fc620033cc86bebf677671b6255ea682746d1fc6a923aaeecd6ed82","Sherri","Perkins","https://picsum.photos/500/500?random=8646","90.57"
"108","kimberlyfuentes@hotmail.com","pbkdf2:sha256:600000$nGQygSjnxJnquwpw$04353f757b203848d8e0378588894d81b14cdcce171928d8022b0263ec35b1fe","Robert","Gray","https://picsum.photos/500/500?random=9427","138.86"
"109","hannahlopez@hotmail.com","pbkdf2:sha256:600000$xlaBO7ES1OSa3dVB$54c58cf8b53644f32d2294ded5eeaf69fbd05474119c01f4e76742120df5d8ff","Andrew","Tran","https://picsum.photos/500/500?random=6753","96.2"
"110","goodwinamy@gmail.com","pbkdf2:sha256:600000$gFrLQwVZ96Lh8JKm$08247f4789fb8d1fae58eb3925dfbf0ea0660e3b4d44d67248c6fb3b6b5aa4f2","Kayla","Hicks","https://picsum.photos/500/500?random=3667","122.9"
"111","abenson@hotmail.com","pbkdf2:sha256:600000$ubzFply7PweUeJC4$199c9413a4cbd5da8e2e8fba7fbf0bc01daa291ca9e416c5c2bebed10ce3382d","Rebecca","Brown","https://picsum.photos/500/500?random=8566","103.9"
"112","jcarter@hotmail.com","pbkdf2:sha256:600000$Sm43bosAnvCPZvYt$4168ae71f8b325c7966a708b2c90a8bc46274b9697f073c6d62f35df7d7a349a","Kathleen","Hart","https://picsum.photos/500/500?random=3711","157.7"
"113","suzanneortiz@yahoo.com","pbkdf2:sha256:600000$6w7VylFqirfVGcJX$c706892db44d56a3b126e7a7ac5f01beeeab1942b827d786f29baf63f30b669b","Wendy","Taylor","https://picsum.photos/500/500?random=6230","69.38"
"114","cholland@hotmail.com","pbkdf2:sha256:600000$zPjiA4SjxtcIE2Ot$063fbd1238cdb95baa53d90a179c3329b4899f3c320a44cce53b6aba4dae0bae","James","Williams","https://picsum.photos/500/500?random=4052","114.94"
"115","aortiz@yahoo.com","pbkdf2:sha256:600000$xc7OqlbCHNxRo3K3$28d18e9bda15e9807fb69436b23df7ea1a6792a406da4797c604416206ec8a5b","Stuart","Skinner","https://picsum.photos/500/500?random=1678","170.33"
"116","sheltonmark@gmail.com","pbkdf2:sha256:600000$S7U9tPdqxBum3T1U$62204ffdcc4232972fc5575bd0ca4165a0d172eba7875c69e5ef913a452f1303","Justin","Henry","https://picsum.photos/500/500?random=8779","128.65"
"117","bbenson@gmail.com","pbkdf2:sha256:600000$6p3IN8lqrXWauIno$2a13eafdeecf8a3975c5f64252ec6e0ff18a4549d6a3bdf800a59315899d7249","Leslie","Adams","https://picsum.photos/500/500?random=4800","116.5"
"118","tammyodom@gmail.com","pbkdf2:sha256:600000$FtB9jOj5DsZjAwmr$d58802dd54d93ff33a42f944f01e0d747ee695a68633d67a80941020392f6c10","Michael","Murray","https://picsum.photos/500/500?random=4387","102.28"
"119","robinsonjason@yahoo.com","pbkdf2:sha256:600000$h2nnnWHcBQsHCpFb$333f92777e279365d64bf43871784d6853e9593ec8a135653dfe5c0f1048ea28","Mrs.","Harrington","https://picsum.photos/500/500?random=8031","76.2"
"120","herrerabrooke@hotmail.com","pbkdf2:sha256:600000$DmZjBbF6voLhgEli$d1af9f36a148c9664f240a405bd7d1d93409ce1607d348017f21fa1c8c4bc0ef","Dr.","Bailey","https://picsum.photos/500/500?random=1073","123.62"
"121","deborahcarr@hotmail.com","pbkdf2:sha256:600000$gonJKy419YqFpFS3$7f0550678f2c1f0cd3d0cd06be19539df7e6df3d35284e818acc6648d00ce28f","Brandon","Hendricks","https://picsum.photos/500/500?random=1858","195.48"
"122","llewis@gmail.com","pbkdf2:sha256:600000$ZBdyH3dVqS6qx3r8$8e95aee1aba7245e066957ef928d3d03df0b63872467227b38c880611c3083f5","Courtney","Miller","https://picsum.photos/500/500?random=4485","183.77"
"123","shannonsullivan@hotmail.com","pbkdf2:sha256:600000$N09eIc3ZxEeM6xCh$50a186278c71b76bcc7765d9c698795b33a22e195c07adb24bc39f1753b91906","Brandy","Gutierrez","https://picsum.photos/500/500?random=5229","79.53"
"124","jamessmall@hotmail.com","pbkdf2:sha256:600000$0P4jagWusOvIF5Gt$87ecff6a58cc976c0bbaa037e87fbfb448d0e42784af71d4fb09db7a1431aae7","Debra","Avila","https://picsum.photos/500/500?random=8675","92.38"
"125","zgarcia@yahoo.com","pbkdf2:sha256:600000$Ut0WTzvcWCpiVs3I$be51ca2f6f44edcfbdb8361ff88a5f25497138c841ab7cbe8d0d61fc52cef340","Amanda","Stevenson","https://picsum.photos/500/500?random=4461","125.4"
"126","lichristina@gmail.com","pbkdf2:sha256:600000$xi4xU1gJNDvVGykf$bbfef0abad8d568a01f77e45187763937681241f7afedbe43afb7e194335add1","Tanya","Whitehead","https://picsum.photos/500/500?random=1052","54.04"
"127","cschultz@hotmail.com","pbkdf2:sha256:600000$00reQ06LcS48qdJ0$5d35c848961e83aad1bc959b3ff2a0422a3251b41dc57f4fa0367dcdc48f7e73","David","Rogers","https://picsum.photos/500/500?random=3423","117.76"
"128","debbie69@gmail.com","pbkdf2:sha256:600000$UUNBFk1s5ziyRBVz$37e11dedac9193b98022479551e6ab86eec1d93823d714a82819104c66ef0a3b","Allison","Ali","https://picsum.photos/500/500?random=3613","137.84"
"129","zamoracharles@hotmail.com","pbkdf2:sha256:600000$w34CiYtWDL6X2ojG$7f51680d0eaace52f1bbcf9834e0ec739802f6254cf9126dc6835c247d8fdb68","Karen","DVM","https://picsum.photos/500/500?random=7550","104.74"
"130","carrillochloe@gmail.com","pbkdf2:sha256:600000$F4VTJVyZKGMormV6$0a7ca26ab068b0cef2b180c0242e4ea61cdc82a2e096d9838847d5b3fd28ccde","Beth","Bonilla","https://picsum.photos/500/500?random=1872","130.51"
"131","ereed@yahoo.com","pbkdf2:sha256:600000$ozzY8dMuGZt4Dgma$089b18d8ef3c551e487842b9c9deac5e87bd70baddf8cacae9495216958ee8b2","Maria","Allen","https://picsum.photos/500/500?random=531","163.41"
"132","omargarcia@yahoo.com","pbkdf2:sha256:600000$FcBX6hdcmYJq1fY8$3479b5ade11e46fbc2fe29e1b80b3b318868222e07808a4521020ecfb9d939b9","Stacey","Marshall","https://picsum.photos/500/500?random=1050","154.17"
"133","smithjacqueline@yahoo.com","pbkdf2:sha256:600000$3fv6pNncXngTwQ9h$76046218c730e9f0e64e00d3d2b514d8371e81b34fef733e62d9d33c7adda38e","Emily","Miller","https://picsum.photos/500/500?random=6687","183.44"
"134","victorweber@gmail.com","pbkdf2:sha256:600000$Hq4T2Y36Vf3fq6Dn$994d226e2d3f24e295e0a57c86815b4f9f805654d96b047c61902e15505309b6","Kimberly","Grant","https://picsum.photos/500/500?random=7091","72.67"
"135","julie32@gmail.com","pbkdf2:sha256:600000$Nsw5Ar4Zl0A6PkoD$b3a2216fc6864d73e41d9c50de633910d11e556fee6836a5b21307ce49c86bc5","Tyler","Howard","https://picsum.photos/500/500?random=5986","158.74"
"136","ortizjustin@yahoo.com","pbkdf2:sha256:600000$uGlYDBkwAG4SlLKE$f265acccd740c200352e2c0949f5ca5612768d9f78c369d07cdeed8e65af3278","Natasha","Romero","https://picsum.photos/500/500?random=6810","89.36"
"137","troytaylor@gmail.com","pbkdf2:sha256:600000$A6Qv4eEmHGI9tEUv$fcdf0257381cd351dec1df383b9f50d7ed673cf0f8def69ba8c7f7bb5c8ae987","Jon","Scott","https://picsum.photos/500/500?random=8508","94.98"
"138","pwaters@yahoo.com","pbkdf2:sha256:600000$XGruACNVL5xhfn5x$e135de239a472d13aa7466d53b554f4ca7e16b38da4aa192632f9b77bdb4971e","Theodore","Stevens","https://picsum.photos/500/500?random=698","89.06"
"139","abell@gmail.com","pbkdf2:sha256:600000$fvQEz6OtvnY1hhh2$d83f1459af8fc3543a45612641be5d9342b270fa7c5bd255bfd0f29c9733c72a","Cindy","Madden","https://picsum.photos/500/500?random=3106","184.73"
"140","janderson@yahoo.com","pbkdf2:sha256:600000$CKh5n5pGG8e5FsCo$bf50a96677da5e23a68c48ca473ebe2f74766c4d3abb01c27cdb763dee20b3e0","Jane","Schneider","https://picsum.photos/500/500?random=4450","193.81"
"141","cody85@yahoo.com","pbkdf2:sha256:600000$bAXw5goY4Hq5tovV$e9d1c73e98fe9d4926b406cdb51bd80b3b514737747168dcdd80c04004c2da51","Angela","Brown","https://picsum.photos/500/500?random=6382","180.11"
"142","tharper@hotmail.com","pbkdf2:sha256:600000$WpeZIbQ8phtD7ip6$a09688aec7182c79c930432270d17d0539ab8a99ccfadced869066898bdf845d","Theresa","Lewis","https://picsum.photos/500/500?random=5233","115.96"
"143","karenreeves@yahoo.com","pbkdf2:sha256:600000$BO1DC9KLsahz0Tdb$5a7bf4e99cb0675f6da44ac521e26bb60ed7b20f10be050be7d4d70fe7dc12b3","Kayla","Velasquez","https://picsum.photos/500/500?random=4795","129.54"
"144","zgallagher@gmail.com","pbkdf2:sha256:600000$AJsoegir1EnJe3N5$6b0e43405edd76eaa7314adbdc7fc0c035a91cc88adb5bc78e8e4192d8b3c3a1","Kaylee","Rivera","https://picsum.photos/500/500?random=7440","173.58"
"145","mmartinez@yahoo.com","pbkdf2:sha256:600000$twxO5kgl5n1afGa7$49b9a77c529dd292ec7569891ce9a57c3eb2de62eb6a8279ff2be5a3ade1251f","Katherine","Marshall","https://picsum.photos/500/500?random=9686","94.05"
"146","udonaldson@yahoo.com","pbkdf2:sha256:600000$ZeMpYdDAMZyWH9Xu$b2b36300487a0ed66abbe63b3e5b7a2d1506347c067a42ae3d0f87bdd19c676f","David","Harris","https://picsum.photos/500/500?random=6698","89.91"
"147","jonespaul@yahoo.com","pbkdf2:sha256:600000$LDk9nGAmwRLisbhT$0011386c7c83496ce67b18b6550f5e14d0a17cc8a9307cf848121ab4d744c892","Allison","Everett","https://picsum.photos/500/500?random=8403","172.33"
"148","zhall@yahoo.com","pbkdf2:sha256:600000$13cUY52xqEL3PaYH$237cad2f5f6caa16ad5c7cd5239faccaf141dd7b8497d55eb4d3a65f21e1cac8","Deborah","Martinez","https://picsum.photos/500/500?random=5763","144.34"
"149","johnsonoscar@gmail.com","pbkdf2:sha256:600000$Kaki3gEsmXXoqiSs$5b6c680fed6fedc38fc62d9999f35d9103f5077802638fe19e2f5a1420c9da6b","Rachel","Richmond","https://picsum.photos/500/500?random=9366","114.11"
"150","reginaharrell@hotmail.com","pbkdf2:sha256:600000$LhKcbb1CkSs14ewu$8fde103eff6c130b13186d5695b454b09195b56262a28a565e24c05d4b44fc5e","Joseph","Martin","https://picsum.photos/500/500?random=7747","168.8"
"151","lorettamack@gmail.com","pbkdf2:sha256:600000$Xl9qPdv5lmXPWXya$fedab9d81dd8461608dfdb30f8c0d85a450bf4bf1700d896db71ccbb49ae5145","Lauren","Haas","https://picsum.photos/500/500?random=2966","52.63"
"152","fayala@hotmail.com","pbkdf2:sha256:600000$dU40S11VGDn1QW20$caf6c274fbff52cca31b9ba1eeeea4268d22879c54330af15355e933c3473536","Shawn","Wilkins","https://picsum.photos/500/500?random=9310","101.68"
"153","cbowen@hotmail.com","pbkdf2:sha256:600000$7mBVVuJGDiGC2PcO$a81b9036a8e3450ce0403d9aa720dce9511246d564a2ea7ffbcf48943af8cb9f","John","Oneill","https://picsum.photos/500/500?random=8087","141.44"
"154","hprince@gmail.com","pbkdf2:sha256:600000$las5gPQSK17RvCDV$543616a0ea9d99e158981879aaa9f8f9eaa51889f9c4af92bbc1597ad87f96eb","Taylor","Nielsen","https://picsum.photos/500/500?random=5713","65.18"
"155","ustevens@yahoo.com","pbkdf2:sha256:600000$fWWylYzznd9rmDUB$febbcc3c571075abe498d2a4478a354d9af0a5f90d8141c3cb2eed1475c090a6","Timothy","King","https://picsum.photos/500/500?random=6788","143.12"
"156","joeljackson@yahoo.com","pbkdf2:sha256:600000$Ctm5ePwMRCxcbr0n$bd069f0934f7206f2089a8b44e342c8ab38bf2bb93825a9bd73d5689c83f1fe4","Courtney","Miller","https://picsum.photos/500/500?random=776","100.83"
"157","masseyjessica@yahoo.com","pbkdf2:sha256:600000$BWx7zJcvEHyWOPRm$fa44a3d1f9e86add080f8501b33fb600008b12c8a5f26659318fb6507f8c137b","Douglas","Patterson","https://picsum.photos/500/500?random=932","66.78"
"158","janice37@hotmail.com","pbkdf2:sha256:600000$oSpveH3dPCAZUmHs$fd1bcc5c4dc7f0f22b6bd753a7d4adaef724d7fd6f62ee2e09248ae6d9b6fb9b","Anthony","Williams","https://picsum.photos/500/500?random=5290","173.87"
"159","bakerroberta@gmail.com","pbkdf2:sha256:600000$jGjFOosK6LDBtgps$c9756880e6191f5d4efb2b3e3c2b6f889831b236e63893f7c0cfb3657ac18482","Matthew","Walsh","https://picsum.photos/500/500?random=6932","83.49"
"160","lecolton@gmail.com","pbkdf2:sha256:600000$GVBzNUU09Ra5WUXE$c522dec601d83f67b98fc75a9c5deb82cc62836d5ecabd8e9fe6491343cdf759","Abigail","MD","https://picsum.photos/500/500?random=3303","136.55"
"161","igibson@gmail.com","pbkdf2:sha256:600000$45YH7YnCWXGoRq4c$a96103496e9e1d2124cee7f071e3491edecc74bed6752ed3d47c2c52539730e6","David","Smith","https://picsum.photos/500/500?random=8715","103.45"
"162","ypena@hotmail.com","pbkdf2:sha256:600000$GZws8IqYpCWCqqxV$87a2fd188493a486c6c90b341dc08315fd84b2bfb3f4d83295e6a182c041c891","Angela","Williams","https://picsum.photos/500/500?random=7994","53.42"
"163","zreyes@gmail.com","pbkdf2:sha256:600000$kEUIjWY8AvQOUo7u$ec7379e09f294742c83a368c233af2f19b345a83fe8d56b61151b4fe2324c6a5","Paige","Elliott","https://picsum.photos/500/500?random=5298","151.02"
"164","haleyhamilton@hotmail.com","pbkdf2:sha256:600000$hIULxRB0ZP92Uahb$a7612a70b0b2d72cab0b2430638b387f4e19801626214a9b03f014327a44fbca","Joanna","Bauer","https://picsum.photos/500/500?random=3385","95.23"
"165","andrewsmichael@hotmail.com","pbkdf2:sha256:600000$0sIYL51S7UQGHtJY$598daf0b4c475fbc69804f5aa713ea8ab33b4849cdf299feea096f2ce072ff84","Angela","Jenkins","https://picsum.photos/500/500?random=8964","94.1"
"166","jennifer06@yahoo.com","pbkdf2:sha256:600000$2HZVqVkE9KCNMyKp$0bef69770e5561a6f2b14bf3a153da91b925ced05dd51667a5109c7a3520005f","Mike","Thompson","https://picsum.photos/500/500?random=5893","141.1"
"167","keith17@yahoo.com","pbkdf2:sha256:600000$2LYFZamMWPaQ9zbH$0cd327f5fdf91204ecf061ea977b9a5ba8c779ae1e8feabfe746eceb62f6d7e8","Lisa","Ryan","https://picsum.photos/500/500?random=6929","78.05"
"168","jason23@hotmail.com","pbkdf2:sha256:600000$lwd9r292Rx1LaKWX$6bf612e075927ec239575d3426e73b0ba2565d09f3be7a79af49ea9fa386abcc","Kenneth","White","https://picsum.photos/500/500?random=3602","62.99"
"169","brownsara@yahoo.com","pbkdf2:sha256:600000$QjkrT4Bdfk1irJkC$f3d6f42de28ae210b7b2bfffcdc73934752f67dad46f696599529fd8b4e02256","William","Johnston","https://picsum.photos/500/500?random=6274","155.39"
"170","nicholas00@gmail.com","pbkdf2:sha256:600000$V5Aw5m7q13VZLyDt$0037dd4b4375e487c180c851b1d71dd3b2c59549d2ffd9ca0bf1f2f3146c8161","Kristen","Scott","https://picsum.photos/500/500?random=3201","65.21"
"171","ashleyfranco@yahoo.com","pbkdf2:sha256:600000$LnLe4QwpdetREm90$baee147b2517d3ed0a7c20d4770d75109ffb8d36e393c2fff1456cd5b33a82a5","Anthony","Pham","https://picsum.photos/500/500?random=3132","102.35"
"172","derrick53@yahoo.com","pbkdf2:sha256:600000$UKrnPvgd15wgNGxS$f4f0484b9aa73b44d93595bdfdaafbaa4d4a81ea01a0e33f6e90cb215e1601c8","Kyle","Johnson","https://picsum.photos/500/500?random=2273","114.2"
"173","mgilmore@yahoo.com","pbkdf2:sha256:600000$LTmqofEYRHISwI2U$9f93aa3e675cbe8d287997d3216d975526b17d28767dd908a0c820827a6283ef","Carolyn","Lopez","https://picsum.photos/500/500?random=5862","104.19"
"174","rushamanda@hotmail.com","pbkdf2:sha256:600000$UCMGu12cegTtxgms$4feb2d3501f2ba17e52993ffa5fa2b2ab56c1675e686610781c02d682aa2a7a0","Ashley","Donaldson","https://picsum.photos/500/500?random=6105","97.96"
"175","mathewcruz@hotmail.com","pbkdf2:sha256:600000$G7tNHRLra1gmBaDf$86ea8979560da261dd312bd64ea34f386e489f963f540408cd02fc8883771ea1","Alexandra","Miller","https://picsum.photos/500/500?random=5718","191.01"
"176","angela87@yahoo.com","pbkdf2:sha256:600000$yDqYqgM5CPjxBQFH$cb36577cfd76c3cde8cde4de3ab2c095e4465301f941bf25072236b29d2cc324","Corey","Whitaker","https://picsum.photos/500/500?random=7340","81.94"
"177","samuelfrench@hotmail.com","pbkdf2:sha256:600000$NhQIbQm7KXN649m4$d6da454725a2c4f83a0b0a66c2feeea59bc98b276233efdb37a9b1e6fc0c8203","Ashley","Gonzalez","https://picsum.photos/500/500?random=150","185.28"
"178","carrie05@yahoo.com","pbkdf2:sha256:600000$1C5nc1NsBWjZE4WT$f9103a10b3dda80582f97c4028ff5d1c0bdac5ca21b9e0164e9ab2697357506f","Alexandra","Tucker","https://picsum.photos/500/500?random=7853","81.08"
"179","owilliams@hotmail.com","pbkdf2:sha256:600000$42LOKpWpjTk3mTLu$59b61c6a1f7a7bf0cf43958a0216dbd58a7f7824807985fe15a04fc8ba27694f","Samuel","Bernard","https://picsum.photos/500/500?random=3942","131.37"
"180","james21@yahoo.com","pbkdf2:sha256:600000$VFa8qKVN9TmtsFak$c2d809aa27e988b8229592624d2da834cc7f767494e11ae4d02e2cc8be885eb5","Jared","Hill","https://picsum.photos/500/500?random=9514","80.19"
"181","shannon24@gmail.com","pbkdf2:sha256:600000$7Sp681la3UHF09Sp$e2327969d1d98d20b832df86d41bab591b9202a47dd68c7a45e1d57f672127e0","Alicia","Liu","https://picsum.photos/500/500?random=8258","80.36"
"182","timothy25@hotmail.com","pbkdf2:sha256:600000$ScNxorxf1S48cLdN$f9c76f796147453b3bad57b6f5a76ccd757908095af460c740b7fba7299a0466","Richard","Fisher","https://picsum.photos/500/500?random=9234","70.61"
"183","robertbaker@hotmail.com","pbkdf2:sha256:600000$64gzsIR1AnhjLWJ7$eebcc3ff8df8bab10bc134f766d928ecfbf190636ec345499bc87dca022a1a21","Robert","Gonzalez","https://picsum.photos/500/500?random=4802","55.59"
"184","andersondrew@yahoo.com","pbkdf2:sha256:600000$qqVcOJcDu4XWnGkD$10b2f2b1d4371158b7ee7ae4cb7af89147263093ef86fc18a164e90855cc650f","Dr.","PhD","https://picsum.photos/500/500?random=8957","78.27"
"185","chadharrison@hotmail.com","pbkdf2:sha256:600000$HkvDBuWeh9nGWnjD$445cac93ef250347d44b3f736d1bc82e41108b804c79c7ca4f5ce3bf6aa689e3","Billy","Young","https://picsum.photos/500/500?random=6606","74.38"
"186","christophersilva@gmail.com","pbkdf2:sha256:600000$s0dJ3ga2ddvo4AAs$89e46fdb6fee02cd60d6f5e319a078eea021d74ab5604ef378a958fb09f86197","Donald","King","https://picsum.photos/500/500?random=8294","195.13"
"187","jeffrey12@hotmail.com","pbkdf2:sha256:600000$pXejH67moFDiaIRP$5cae1d827bce6e50ad9fdd739b2c5e6964d32b28fc13888d77513b192d4ea8de","Jeremiah","Smith","https://picsum.photos/500/500?random=2168","103.65"
"188","hartmanbryan@yahoo.com","pbkdf2:sha256:600000$l5DsCD1LstjIOqmL$db16a8f36814193a112053a6900338847469b0312dbfd8ec103792930f377b58","Zachary","Peters","https://picsum.photos/500/500?random=8522","95.21"
"189","crystalallen@gmail.com","pbkdf2:sha256:600000$cDlwnGVkfAqRAJGP$45ecbefb95b44cf77bb8169f7cc755ab596dbddd3c2bf43a217d73b338e1d3fc","Rachel","Kerr","https://picsum.photos/500/500?random=5500","186.83"
"190","jeremiah01@hotmail.com","pbkdf2:sha256:600000$S465UdlN6tU1zaFR$561e726b7ce4cb9067e27596d4fd305196af993367b4800c0b43e54fb3855f77","Lori","Vasquez","https://picsum.photos/500/500?random=5645","145.14"
"191","keith52@hotmail.com","pbkdf2:sha256:600000$u6Ni5qCg6SHw7Szc$2373a306349f1447d4cd96778b5f41e1261bf2416cda630f29d2ef549c8915ce","Lisa","Hopkins","https://picsum.photos/500/500?random=7574","150.08"
"192","amymarks@hotmail.com","pbkdf2:sha256:600000$aoyOeRscgEXppodk$898c3cd557004f2f274ba6668c66a9ae6e05e1e319ac3746e85f3eabd0addb9a","Jay","Smith","https://picsum.photos/500/500?random=8124","90.79"
"193","felicia56@hotmail.com","pbkdf2:sha256:600000$6WGxNdFT3cMUb9X0$b945a0e6a9f25ad216e76cea97a3020f8dbf96f19906b92f69e352c69f12ab8b","Eduardo","Sanchez","https://picsum.photos/500/500?random=239","106.69"
"194","qmartinez@yahoo.com","pbkdf2:sha256:600000$Cx008EBRNahYLJp9$c905e38817494766b819e82e870d2da6178c38270febb770d535822310705e32","Jessica","Brown","https://picsum.photos/500/500?random=9844","56.48"
"195","charlesrichards@gmail.com","pbkdf2:sha256:600000$LXoMfv9uzvvtZcU5$9a080bbdee326642eababd1a83a4573e59ed5d63184bd7ab0e9bd6b5fb30d8bc","Robert","Anderson","https://picsum.photos/500/500?random=6976","153.44"
"196","briangomez@gmail.com","pbkdf2:sha256:600000$F22ketG2ZsugwtSu$8075d56e318c6112190391b5dcdc192349af3d6de95b96d0ba210910dc7ecd1f","Rebecca","Haynes","https://picsum.photos/500/500?random=6955","109.93"
"197","deleonpatricia@yahoo.com","pbkdf2:sha256:600000$SIqdDeDX4G6dNALz$c2c77343385a963096f5fa1514c42a246df5b236ee85a7d5cc814aedff459f08","Dana","Morris","https://picsum.photos/500/500?random=8886","90.78"
"198","vasqueztony@gmail.com","pbkdf2:sha256:600000$HfBh8NVmtSCVXLbI$4201f661971dee1a8d289a44d74ed9e68f147c43e70951731d2ebdd6fe6549da","Antonio","Macdonald","https://picsum.photos/500/500?random=9757","128.57"
"199","michaelanderson@yahoo.com","pbkdf2:sha256:600000$qVcEdpbuWeqQMIEA$bc1125ab005f7234973bbca8b5615d189f3e4d227a82049b018aa7f94461e79a","Kevin","Howell","https://picsum.photos/500/500?random=5495","192.68"
